frame,delta_seconds
0,0.400000
1,0.010597
2,0.001087
3,0.027383
4,0.091349
5,0.010410
6,0.009758
7,0.008817
8,0.009418
9,0.009427
10,0.010256
11,0.009616
12,0.009412
13,0.009327
14,0.009399
15,0.009576
16,0.009847
17,0.009509
18,0.009761
19,0.009034
20,0.009496
21,0.009469
22,0.009539
23,0.009245
24,0.009735
25,0.009278
26,0.009337
27,0.009999
28,0.009223
29,0.009354
30,0.010075
31,0.009141
32,0.009732
33,0.009369
34,0.009472
35,0.009779
36,0.009066
37,0.009235
38,0.009472
39,0.009337
40,0.009461
41,0.009316
42,0.009319
43,0.009397
44,0.009301
45,0.009343
46,0.009837
47,0.009444
48,0.009379
49,0.009371
50,0.009529
51,0.009446
52,0.009198
53,0.009501
54,0.009389
55,0.009427
56,0.009354
57,0.009452
58,0.009461
59,0.009259
60,0.009542
61,0.009297
62,0.009515
63,0.009155
64,0.010148
65,0.009312
66,0.009521
67,0.009385
68,0.009403
69,0.009450
70,0.009474
71,0.009283
72,0.009437
73,0.009293
74,0.009467
75,0.009473
76,0.009347
77,0.009486
78,0.009497
79,0.009383
80,0.009815
81,0.009436
82,0.009545
83,0.009290
84,0.009292
85,0.009404
86,0.009640
87,0.009400
88,0.009291
89,0.009423
90,0.009526
91,0.009308
92,0.009459
93,0.009268
94,0.009452
95,0.009419
96,0.009386
97,0.009459
98,0.009602
99,0.009715
100,0.009282
101,0.009424
102,0.009716
103,0.010477
104,0.009187
105,0.008658
106,0.009492
107,0.009790
108,0.009585
109,0.009287
110,0.009399
111,0.009531
112,0.009313
113,0.009457
114,0.009540
115,0.009337
116,0.009336
117,0.009717
118,0.022181
119,0.026342
120,0.010785
121,0.009268
122,0.009294
123,0.009957
124,0.009235
125,0.009469
126,0.009520
127,0.009318
128,0.009436
129,0.009943
130,0.009306
131,0.009352
132,0.009666
133,0.009746
134,0.009803
135,0.009062
136,0.009551
137,0.009725
138,0.009015
139,0.009526
140,0.009538
141,0.009174
142,0.009510
143,0.009311
144,0.009522
145,0.009266
146,0.009477
147,0.009431
148,0.009368
149,0.009369
150,0.009477
151,0.009519
152,0.009348
153,0.009776
154,0.009396
155,0.009451
156,0.009527
157,0.009327
158,0.009792
159,0.009146
160,0.009661
161,0.009154
162,0.009402
163,0.009371
164,0.009528
165,0.009144
166,0.009591
167,0.009614
168,0.009248
169,0.009518
170,0.009137
171,0.010023
172,0.009430
173,0.009734
174,0.009089
175,0.009517
176,0.009244
177,0.009411
178,0.009317
179,0.009517
180,0.009377
181,0.009422
182,0.009558
183,0.009269
184,0.009636
185,0.009276
186,0.009573
187,0.009348
188,0.009381
189,0.009866
190,0.009654
191,0.009190
192,0.009603
193,0.009334
194,0.009475
195,0.009420
196,0.009460
197,0.009350
198,0.009329
199,0.009410
200,0.009336
201,0.009567
202,0.009475
203,0.009124
204,0.009505
205,0.009448
206,0.009474
207,0.009550
208,0.009751
209,0.009398
210,0.009434
211,0.009575
212,0.009264
213,0.009364
214,0.009296
215,0.009622
216,0.009398
217,0.009323
218,0.009334
219,0.009541
220,0.009557
221,0.009227
222,0.009379
223,0.009346
224,0.009449
225,0.009505
226,0.009415
227,0.009793
228,0.009397
229,0.009372
230,0.009429
231,0.009302
232,0.009532
233,0.009392
234,0.009513
235,0.009507
236,0.009211
237,0.009373
238,0.009463
239,0.009296
240,0.009461
241,0.009475
242,0.009441
243,0.009686
244,0.009146
245,0.009873
246,0.009460
247,0.009561
248,0.009739
249,0.009240
250,0.009517
251,0.009446
252,0.009429
253,0.009520
254,0.009735
255,0.009772
256,0.009376
257,0.009280
258,0.009166
259,0.009555
260,0.009340
261,0.009244
262,0.009430
263,0.009527
264,0.009490
265,0.009335
266,0.009319
267,0.009367
268,0.009288
269,0.009402
270,0.009483
271,0.009345
272,0.009591
273,0.009775
274,0.009319
275,0.009324
276,0.009440
277,0.009302
278,0.009633
279,0.009322
280,0.009460
281,0.009222
282,0.009510
283,0.009298
284,0.009354
285,0.009493
286,0.009434
287,0.009586
288,0.009160
289,0.009676
290,0.009319
291,0.009150
292,0.010122
293,0.009266
294,0.009276
295,0.009638
296,0.009203
297,0.009215
298,0.009490
299,0.009496
300,0.009303
301,0.009340
302,0.009522
303,0.009394
304,0.009414
305,0.009322
306,0.009430
307,0.009547
308,0.009412
309,0.009232
310,0.009436
311,0.009947
312,0.009407
313,0.009402
314,0.009212
315,0.009461
316,0.009523
317,0.009365
318,0.009399
319,0.009214
320,0.009528
321,0.009389
322,0.009264
323,0.009591
324,0.009199
325,0.009506
326,0.009409
327,0.009329
328,0.009310
329,0.009547
330,0.009762
331,0.009301
332,0.009524
333,0.009428
334,0.009256
335,0.009435
336,0.009258
337,0.009542
338,0.009196
339,0.009463
340,0.009324
341,0.009474
342,0.009323
343,0.009358
344,0.009448
345,0.009299
346,0.009415
347,0.009539
348,0.037838
349,0.009905
350,0.009841
351,0.009385
352,0.009441
353,0.009714
354,0.009541
355,0.009247
356,0.009327
357,0.009491
358,0.009540
359,0.009285
360,0.009226
361,0.009472
362,0.009434
363,0.009472
364,0.009441
365,0.009204
366,0.009366
367,0.009500
368,0.009276
369,0.009534
370,0.009829
371,0.009328
372,0.009265
373,0.009560
374,0.009443
375,0.009474
376,0.009353
377,0.009411
378,0.009702
379,0.009626
380,0.009375
381,0.009336
382,0.009365
383,0.010066
384,0.009491
385,0.009490
386,0.009299
387,0.009786
388,0.009417
389,0.009408
390,0.009395
391,0.009404
392,0.009334
393,0.009410
394,0.009462
395,0.009396
396,0.009435
397,0.009319
398,0.009653
399,0.009205
400,0.009425
401,0.009541
402,0.009270
403,0.009535
404,0.009277
405,0.009977
406,0.009246
407,0.009328
408,0.009536
409,0.009460
410,0.009453
411,0.009358
412,0.009445
413,0.009849
414,0.009411
415,0.009481
416,0.009254
417,0.009363
418,0.009491
419,0.009593
420,0.009252
421,0.009469
422,0.009463
423,0.009216
424,0.009456
425,0.009378
426,0.009415
427,0.009360
428,0.009458
429,0.009503
430,0.009449
431,0.009475
432,0.009526
433,0.009526
434,0.009375
435,0.009326
436,0.009592
437,0.009169
438,0.009937
439,0.009264
440,0.009548
441,0.009252
442,0.009464
443,0.009471
444,0.009415
445,0.009442
446,0.009544
447,0.009251
448,0.009476
449,0.009399
450,0.009341
451,0.009467
452,0.009378
453,0.009433
454,0.009420
455,0.009846
456,0.009306
457,0.009641
458,0.009327
459,0.009307
460,0.009272
461,0.009438
462,0.009466
463,0.009415
464,0.009271
465,0.009534
466,0.009242
467,0.009254
468,0.009607
469,0.009986
470,0.009371
471,0.009278
472,0.009588
473,0.009459
474,0.009598
475,0.009385
476,0.009388
477,0.009411
478,0.009386
479,0.009524
480,0.009349
481,0.009401
482,0.009267
483,0.009428
484,0.009475
485,0.009273
486,0.009628
487,0.009784
488,0.009245
489,0.009479
490,0.009406
491,0.009319
492,0.009368
493,0.009427
494,0.009411
495,0.009379
496,0.009499
497,0.009348
498,0.009224
499,0.009419
500,0.009356
501,0.009385
502,0.009415
503,0.009527
504,0.009288
505,0.010140
506,0.009353
507,0.009192
508,0.009606
509,0.009347
510,0.009411
511,0.009426
512,0.009317
513,0.009420
514,0.009331
515,0.009457
516,0.009328
517,0.009509
518,0.009256
519,0.009615
520,0.009193
521,0.009441
522,0.009528
523,0.009711
524,0.009421
525,0.009451
526,0.009418
527,0.009291
528,0.009553
529,0.009226
530,0.009523
531,0.009376
532,0.009316
533,0.009450
534,0.009258
535,0.009710
536,0.009344
537,0.009263
538,0.009354
539,0.009476
540,0.009320
541,0.009368
542,0.009954
543,0.009314
544,0.009256
545,0.009527
546,0.009278
547,0.009352
548,0.009530
549,0.009438
550,0.009403
551,0.009358
552,0.009358
553,0.009346
554,0.009343
555,0.009405
556,0.009449
557,0.009532
558,0.009637
559,0.009438
560,0.009363
561,0.009483
562,0.009271
563,0.009428
564,0.009384
565,0.009493
566,0.009301
567,0.009409
568,0.009343
569,0.009528
570,0.009205
571,0.009622
572,0.009403
573,0.009333
574,0.009377
575,0.009216
576,0.009612
577,0.009948
578,0.029769
579,0.013487
580,0.008346
581,0.009052
582,0.010541
583,0.008224
584,0.009261
585,0.009526
586,0.009425
587,0.009330
588,0.009312
589,0.009529
590,0.009436
591,0.009353
592,0.009502
593,0.009804
594,0.009615
595,0.009351
596,0.009472
597,0.009392
598,0.009378
599,0.009283
600,0.009338
601,0.009563
602,0.009320
603,0.009231
604,0.009513
605,0.009378
606,0.009312
607,0.009380
608,0.009615
609,0.009338
610,0.009498
611,0.009752
612,0.009260
613,0.009619
614,0.009261
615,0.009436
616,0.009415
617,0.009293
618,0.009565
619,0.009493
620,0.009269
621,0.009321
622,0.009430
623,0.009442
624,0.009232
625,0.009661
626,0.009248
627,0.009457
628,0.009771
629,0.009350
630,0.009369
631,0.009360
632,0.009391
633,0.009434
634,0.009300
635,0.009715
636,0.009154
637,0.009301
638,0.009435
639,0.009387
640,0.009456
641,0.009224
642,0.009507
643,0.009375
644,0.009323
645,0.009188
646,0.009571
647,0.009977
648,0.009184
649,0.009368
650,0.009419
651,0.009466
652,0.009278
653,0.009410
654,0.009385
655,0.009373
656,0.009501
657,0.009283
658,0.009281
659,0.009426
660,0.009429
661,0.009270
662,0.009537
663,0.009450
664,0.009268
665,0.009510
666,0.009567
667,0.009506
668,0.009430
669,0.009384
670,0.009180
671,0.009470
672,0.009333
673,0.009458
674,0.009383
675,0.009482
676,0.009332
677,0.009370
678,0.009305
679,0.009499
680,0.009492
681,0.009324
682,0.009406
683,0.009303
684,0.009417
685,0.009491
686,0.009823
687,0.009221
688,0.009493
689,0.009405
690,0.009362
691,0.009341
692,0.009309
693,0.009444
694,0.009465
695,0.009250
696,0.009557
697,0.009343
698,0.009425
699,0.009205
700,0.009461
701,0.009276
702,0.009494
703,0.009840
704,0.009260
705,0.009537
706,0.009290
707,0.009328
708,0.009473
709,0.009329
710,0.009853
711,0.009352
712,0.009413
713,0.009459
714,0.009254
715,0.009630
716,0.009336
717,0.009404
718,0.009364
719,0.009445
720,0.009355
721,0.009258
722,0.009404
723,0.009367
724,0.009468
725,0.009335
726,0.009294
727,0.009550
728,0.009353
729,0.009839
730,0.009272
731,0.009588
732,0.009403
733,0.009228
734,0.009461
735,0.009504
736,0.009307
737,0.009440
738,0.009515
739,0.009429
740,0.009274
741,0.009448
742,0.009394
743,0.009430
744,0.009538
745,0.009313
746,0.009295
747,0.009448
748,0.009298
749,0.010018
750,0.009429
751,0.009352
752,0.009248
753,0.009300
754,0.009525
755,0.009386
756,0.009368
757,0.009315
758,0.009544
759,0.009379
760,0.009173
761,0.009618
762,0.009519
763,0.009239
764,0.009498
765,0.009831
766,0.009439
767,0.009311
768,0.009290
769,0.009739
770,0.009482
771,0.009844
772,0.009072
773,0.009464
774,0.009347
775,0.009363
776,0.009211
777,0.009474
778,0.009316
779,0.009576
780,0.009319
781,0.009498
782,0.009373
783,0.009291
784,0.009397
785,0.009345
786,0.009437
787,0.009815
788,0.009320
789,0.009333
790,0.009390
791,0.009523
792,0.009327
793,0.009331
794,0.009262
795,0.009464
796,0.009517
797,0.009369
798,0.009366
799,0.009381
800,0.009400
801,0.009376
802,0.009287
803,0.009410
804,0.009519
805,0.009292
806,0.009901
807,0.009464
808,0.009560
809,0.037606
810,0.011079
811,0.009277
812,0.009415
813,0.009380
814,0.009162
815,0.009599
816,0.009346
817,0.009428
818,0.009362
819,0.009506
820,0.009349
821,0.009259
822,0.009860
823,0.009439
824,0.009569
825,0.009180
826,0.009492
827,0.009228
828,0.009536
829,0.009129
830,0.009519
831,0.009380
832,0.009370
833,0.009264
834,0.009583
835,0.009201
836,0.009638
837,0.009236
838,0.010049
839,0.009138
840,0.009529
841,0.009463
842,0.009531
843,0.009376
844,0.009324
845,0.009458
846,0.009410
847,0.009451
848,0.009344
849,0.009425
850,0.009270
851,0.009512
852,0.009311
853,0.009427
854,0.009348
855,0.009495
856,0.009376
857,0.009782
858,0.009266
859,0.009475
860,0.009397
861,0.009378
862,0.009572
863,0.009190
864,0.009664
865,0.009495
866,0.009500
867,0.009322
868,0.009599
869,0.009318
870,0.009330
871,0.009580
872,0.009427
873,0.009624
874,0.009309
875,0.009626
876,0.009379
877,0.009346
878,0.009538
879,0.009454
880,0.009195
881,0.009474
882,0.009409
883,0.009341
884,0.009677
885,0.009410
886,0.009386
887,0.009261
888,0.009397
889,0.009380
890,0.009506
891,0.009367
892,0.009764
893,0.009448
894,0.009635
895,0.009282
896,0.009399
897,0.009508
898,0.009421
899,0.009371
900,0.009661
901,0.009303
902,0.009399
903,0.009357
904,0.009403
905,0.009581
906,0.009301
907,0.009483
908,0.009165
909,0.009471
910,0.009591
911,0.009822
912,0.009467
913,0.009154
914,0.009666
915,0.009208
916,0.009368
917,0.009517
918,0.009563
919,0.009217
920,0.009498
921,0.009333
922,0.009404
923,0.009310
924,0.009508
925,0.009273
926,0.009480
927,0.009314
928,0.009467
929,0.009886
930,0.009365
931,0.009364
932,0.009431
933,0.009487
934,0.009356
935,0.009323
936,0.009517
937,0.009365
938,0.009325
939,0.009485
940,0.009479
941,0.009315
942,0.009340
943,0.009383
944,0.009507
945,0.009339
946,0.009424
947,0.009402
948,0.009803
949,0.009626
950,0.009410
951,0.009296
952,0.009427
953,0.009408
954,0.009302
955,0.009473
956,0.009543
957,0.009377
958,0.009348
959,0.009358
960,0.009380
961,0.009466
962,0.009134
963,0.009404
964,0.009506
965,0.009398
966,0.009379
967,0.009727
968,0.009429
969,0.009459
970,0.009306
971,0.009591
972,0.009162
973,0.009429
974,0.009368
975,0.009366
976,0.009399
977,0.009265
978,0.009645
979,0.009312
980,0.009436
981,0.009423
982,0.009187
983,0.009354
984,0.009512
985,0.009921
986,0.009247
987,0.009315
988,0.009469
989,0.009401
990,0.009498
991,0.009300
992,0.009339
993,0.009430
994,0.009312
995,0.009388
996,0.009336
997,0.009634
998,0.009311
999,0.009875
1000,0.009360
1001,0.009481
1002,0.009534
1003,0.009155
1004,0.009634
1005,0.009406
1006,0.009394
1007,0.009248
1008,0.009444
1009,0.009391
1010,0.009444
1011,0.009330
1012,0.009391
1013,0.009548
1014,0.009404
1015,0.009394
1016,0.009340
1017,0.009426
1018,0.009741
1019,0.009562
1020,0.009291
1021,0.009374
1022,0.009456
1023,0.009243
1024,0.009327
1025,0.009536
1026,0.009462
1027,0.009422
1028,0.009270
1029,0.009502
1030,0.009529
1031,0.009187
1032,0.009365
1033,0.009374
1034,0.009585
1035,0.009250
1036,0.009903
1037,0.009415
1038,0.009533
1039,0.040785
1040,0.006785
1041,0.010197
1042,0.009438
1043,0.009721
1044,0.009139
1045,0.009456
1046,0.009380
1047,0.009361
1048,0.009412
1049,0.009503
1050,0.009637
1051,0.009360
1052,0.009483
1053,0.009332
1054,0.009486
1055,0.009532
1056,0.009246
1057,0.009464
1058,0.009207
1059,0.009498
1060,0.009565
1061,0.009239
1062,0.009418
1063,0.009346
1064,0.009694
1065,0.009829
1066,0.009271
1067,0.009423
1068,0.009455
1069,0.009302
1070,0.009428
1071,0.009374
1072,0.009381
1073,0.009314
1074,0.009308
1075,0.009500
1076,0.009427
1077,0.009500
1078,0.009354
1079,0.009408
1080,0.009454
1081,0.009564
1082,0.009259
1083,0.009467
1084,0.009921
1085,0.009412
1086,0.009329
1087,0.009356
1088,0.009425
1089,0.009402
1090,0.009464
1091,0.009514
1092,0.009405
1093,0.009481
1094,0.009200
1095,0.009571
1096,0.009238
1097,0.009422
1098,0.009251
1099,0.009598
1100,0.009415
1101,0.009423
1102,0.009796
1103,0.009395
1104,0.009330
1105,0.009430
1106,0.009501
1107,0.009604
1108,0.009318
1109,0.009313
1110,0.009374
1111,0.009476
1112,0.009608
1113,0.009329
1114,0.009380
1115,0.009376
1116,0.009603
1117,0.009152
1118,0.009886
1119,0.009404
1120,0.009319
1121,0.009449
1122,0.009331
1123,0.009868
1124,0.009348
1125,0.009488
1126,0.009455
1127,0.009347
1128,0.009801
1129,0.009388
1130,0.009506
1131,0.009557
1132,0.009644
1133,0.009387
1134,0.009405
1135,0.009325
1136,0.009524
1137,0.009296
1138,0.009528
1139,0.009317
1140,0.010126
1141,0.009062
1142,0.009438
1143,0.009555
1144,0.009414
1145,0.009350
1146,0.009536
1147,0.009388
1148,0.009248
1149,0.009331
1150,0.009619
1151,0.009301
1152,0.009459
1153,0.009410
1154,0.009721
1155,0.009552
1156,0.009459
1157,0.009421
1158,0.009235
1159,0.009535
1160,0.009340
1161,0.009247
1162,0.009529
1163,0.009287
1164,0.009347
1165,0.009410
1166,0.009451
1167,0.009565
1168,0.009344
1169,0.009369
1170,0.009413
1171,0.009189
1172,0.009422
1173,0.009929
1174,0.009373
1175,0.009393
1176,0.009524
1177,0.009106
1178,0.009682
1179,0.009227
1180,0.009487
1181,0.009314
1182,0.009582
1183,0.009682
1184,0.009190
1185,0.009515
1186,0.009475
1187,0.009706
1188,0.009373
1189,0.009287
1190,0.009596
1191,0.009546
1192,0.009415
1193,0.009318
1194,0.009441
1195,0.009443
1196,0.009338
1197,0.009430
1198,0.009495
1199,0.009332
1200,0.009298
1201,0.009359
1202,0.009501
1203,0.009188
1204,0.009869
1205,0.009476
1206,0.009410
1207,0.009320
1208,0.009418
1209,0.009228
1210,0.009530
1211,0.009423
1212,0.009264
1213,0.009377
1214,0.009585
1215,0.009688
1216,0.009400
1217,0.009299
1218,0.009765
1219,0.009263
1220,0.009480
1221,0.009915
1222,0.009276
1223,0.009318
1224,0.009307
1225,0.009481
1226,0.009422
1227,0.009436
1228,0.009276
1229,0.009499
1230,0.009269
1231,0.009259
1232,0.009363
1233,0.009646
1234,0.009311
1235,0.009382
1236,0.009474
1237,0.009332
1238,0.009481
1239,0.009520
1240,0.009634
1241,0.009409
1242,0.009445
1243,0.009461
1244,0.009189
1245,0.009443
1246,0.009345
1247,0.009395
1248,0.009427
1249,0.009636
1250,0.009589
1251,0.009269
1252,0.009397
1253,0.009302
1254,0.009500
1255,0.009357
1256,0.009359
1257,0.009369
1258,0.009412
1259,0.009323
1260,0.009482
1261,0.009378
1262,0.009340
1263,0.009175
1264,0.009411
1265,0.009510
1266,0.009478
1267,0.009376
1268,0.010426
1269,0.039216
1270,0.008425
1271,0.008871
1272,0.009384
1273,0.009483
1274,0.009153
1275,0.009446
1276,0.009288
1277,0.009420
1278,0.009300
1279,0.009397
1280,0.009280
1281,0.009363
1282,0.009423
1283,0.009650
1284,0.009650
1285,0.009243
1286,0.009514
1287,0.009273
1288,0.009369
1289,0.009244
1290,0.009573
1291,0.009787
1292,0.009252
1293,0.009446
1294,0.009282
1295,0.009554
1296,0.009090
1297,0.009410
1298,0.009375
1299,0.009310
1300,0.009496
1301,0.009234
1302,0.009571
1303,0.009241
1304,0.009454
1305,0.009175
1306,0.009522
1307,0.009343
1308,0.009385
1309,0.009354
1310,0.009860
1311,0.009401
1312,0.009445
1313,0.009382
1314,0.009370
1315,0.009288
1316,0.009537
1317,0.009236
1318,0.009603
1319,0.009164
1320,0.009438
1321,0.009309
1322,0.009401
1323,0.009437
1324,0.009434
1325,0.009314
1326,0.009244
1327,0.009383
1328,0.009421
1329,0.009901
1330,0.009391
1331,0.009281
1332,0.009423
1333,0.009377
1334,0.009483
1335,0.009330
1336,0.009524
1337,0.009251
1338,0.009415
1339,0.009449
1340,0.009363
1341,0.009516
1342,0.009174
1343,0.009454
1344,0.009290
1345,0.009502
1346,0.009316
1347,0.009559
1348,0.009319
1349,0.009769
1350,0.009482
1351,0.009198
1352,0.009470
1353,0.009370
1354,0.009391
1355,0.009539
1356,0.009317
1357,0.009386
1358,0.009293
1359,0.009517
1360,0.009224
1361,0.009318
1362,0.009591
1363,0.009220
1364,0.009510
1365,0.009733
1366,0.009369
1367,0.009427
1368,0.009446
1369,0.009452
1370,0.009350
1371,0.009408
1372,0.009220
1373,0.009414
1374,0.009724
1375,0.009333
1376,0.009559
1377,0.009392
1378,0.009266
1379,0.009527
1380,0.009411
1381,0.009312
1382,0.009398
1383,0.009490
1384,0.009707
1385,0.009428
1386,0.009434
1387,0.009370
1388,0.009238
1389,0.009557
1390,0.009579
1391,0.009198
1392,0.009373
1393,0.009545
1394,0.009305
1395,0.009332
1396,0.009532
1397,0.009464
1398,0.010047
1399,0.009336
1400,0.009526
1401,0.009295
1402,0.009597
1403,0.009088
1404,0.009323
1405,0.009443
1406,0.009384
1407,0.009477
1408,0.009355
1409,0.009454
1410,0.009507
1411,0.009135
1412,0.009395
1413,0.009409
1414,0.009576
1415,0.009706
1416,0.009488
1417,0.009145
1418,0.009626
1419,0.009487
1420,0.009395
1421,0.009328
1422,0.009417
1423,0.009543
1424,0.009392
1425,0.009214
1426,0.009564
1427,0.009207
1428,0.009350
1429,0.009529
1430,0.009343
1431,0.009451
1432,0.009398
1433,0.009320
1434,0.009747
1435,0.009535
1436,0.009395
1437,0.009275
1438,0.009469
1439,0.009381
1440,0.009620
1441,0.009691
1442,0.009524
1443,0.009492
1444,0.009425
1445,0.009177
1446,0.009426
1447,0.009388
1448,0.009524
1449,0.009364
1450,0.009355
1451,0.009248
1452,0.009547
1453,0.009416
1454,0.009390
1455,0.009370
1456,0.009380
1457,0.009675
1458,0.009442
1459,0.009309
1460,0.009448
1461,0.009559
1462,0.009403
1463,0.009502
1464,0.009213
1465,0.009437
1466,0.009212
1467,0.009623
1468,0.009288
1469,0.009485
1470,0.009486
1471,0.009843
1472,0.009208
1473,0.009390
1474,0.009384
1475,0.009497
1476,0.009435
1477,0.009296
1478,0.009563
1479,0.009440
1480,0.009268
1481,0.009207
1482,0.009592
1483,0.009274
1484,0.009529
1485,0.009320
1486,0.009313
1487,0.009442
1488,0.009205
1489,0.010032
1490,0.009372
1491,0.009165
1492,0.009535
1493,0.009313
1494,0.009485
1495,0.009269
1496,0.009639
1497,0.009292
1498,0.040066
1499,0.011061
1500,0.009864
1501,0.009311
1502,0.009546
1503,0.008976
1504,0.009428
1505,0.009974
1506,0.009421
1507,0.009584
1508,0.009606
1509,0.009195
1510,0.009511
1511,0.009231
1512,0.009368
1513,0.009627
1514,0.009249
1515,0.009393
1516,0.009340
1517,0.009398
1518,0.009418
1519,0.009378
1520,0.009606
1521,0.009794
1522,0.009254
1523,0.009571
1524,0.009361
1525,0.009786
1526,0.009361
1527,0.009588
1528,0.009398
1529,0.009536
1530,0.009362
1531,0.009423
1532,0.009395
1533,0.009315
1534,0.009431
1535,0.009527
1536,0.009440
1537,0.009242
1538,0.009511
1539,0.009364
1540,0.009275
1541,0.009431
1542,0.009609
1543,0.009294
1544,0.009877
1545,0.009297
1546,0.009473
1547,0.009561
1548,0.009235
1549,0.009455
1550,0.009359
1551,0.009371
1552,0.009352
1553,0.009470
1554,0.009381
1555,0.009443
1556,0.009333
1557,0.009333
1558,0.009497
1559,0.009425
1560,0.009393
1561,0.009193
1562,0.009526
1563,0.009802
1564,0.009371
1565,0.009245
1566,0.009479
1567,0.009378
1568,0.009603
1569,0.009407
1570,0.009211
1571,0.009223
1572,0.009687
1573,0.009233
1574,0.009429
1575,0.009359
1576,0.009479
1577,0.009376
1578,0.009386
1579,0.009233
1580,0.009528
1581,0.009419
1582,0.009289
1583,0.009998
1584,0.009253
1585,0.009516
1586,0.009244
1587,0.009534
1588,0.009261
1589,0.009368
1590,0.009241
1591,0.009636
1592,0.009246
1593,0.009336
1594,0.009297
1595,0.009930
1596,0.009513
1597,0.009309
1598,0.009268
1599,0.009412
1600,0.009478
1601,0.009247
1602,0.009549
1603,0.009322
1604,0.009482
1605,0.009244
1606,0.009342
1607,0.009410
1608,0.009630
1609,0.009289
1610,0.009368
1611,0.009225
1612,0.009359
1613,0.009317
1614,0.009820
1615,0.009527
1616,0.009477
1617,0.009365
1618,0.009263
1619,0.009368
1620,0.009596
1621,0.009604
1622,0.009270
1623,0.009508
1624,0.009261
1625,0.009488
1626,0.009135
1627,0.009759
1628,0.009153
1629,0.009301
1630,0.009655
1631,0.009424
1632,0.009236
1633,0.009835
1634,0.009388
1635,0.009244
1636,0.009548
1637,0.009283
1638,0.009571
1639,0.009665
1640,0.009542
1641,0.009298
1642,0.009398
1643,0.009500
1644,0.009352
1645,0.009318
1646,0.009381
1647,0.009409
1648,0.009339
1649,0.009523
1650,0.009193
1651,0.009470
1652,0.009144
1653,0.009587
1654,0.009499
1655,0.009380
1656,0.009309
1657,0.009177
1658,0.009871
1659,0.009312
1660,0.009539
1661,0.009274
1662,0.009523
1663,0.009327
1664,0.009378
1665,0.009364
1666,0.009471
1667,0.009317
1668,0.009262
1669,0.009547
1670,0.009352
1671,0.009441
1672,0.009553
1673,0.009239
1674,0.009651
1675,0.009150
1676,0.009463
1677,0.009593
1678,0.009550
1679,0.009429
1680,0.009261
1681,0.009388
1682,0.009542
1683,0.009331
1684,0.009381
1685,0.009584
1686,0.009273
1687,0.009349
1688,0.009452
1689,0.009341
1690,0.009381
1691,0.009540
1692,0.009340
1693,0.009568
1694,0.009814
1695,0.009538
1696,0.009224
1697,0.009719
1698,0.009635
1699,0.009612
1700,0.009267
1701,0.009278
1702,0.009502
1703,0.009326
1704,0.009328
1705,0.009497
1706,0.009397
1707,0.009486
1708,0.009282
1709,0.009871
1710,0.009414
1711,0.009240
1712,0.009418
1713,0.009416
1714,0.009530
1715,0.009406
1716,0.009297
1717,0.009330
1718,0.009310
1719,0.009488
1720,0.009959
1721,0.009456
1722,0.009391
1723,0.009316
1724,0.009708
1725,0.009388
1726,0.009600
1727,0.009353
1728,0.016932
1729,0.029118
1730,0.010817
1731,0.009145
1732,0.009489
1733,0.009283
1734,0.009450
1735,0.009496
1736,0.009131
1737,0.009448
1738,0.009356
1739,0.009579
1740,0.009328
1741,0.009426
1742,0.009359
1743,0.009988
1744,0.009481
1745,0.009380
1746,0.009438
1747,0.009609
1748,0.009547
1749,0.009479
1750,0.009337
1751,0.009326
1752,0.009449
1753,0.009393
1754,0.009364
1755,0.009330
1756,0.009521
1757,0.009426
1758,0.009451
1759,0.009171
1760,0.009456
1761,0.009584
1762,0.009256
1763,0.009861
1764,0.009501
1765,0.009279
1766,0.009362
1767,0.009302
1768,0.009565
1769,0.009267
1770,0.009590
1771,0.009483
1772,0.009991
1773,0.009355
1774,0.009422
1775,0.009407
1776,0.009366
1777,0.009372
1778,0.009314
1779,0.009515
1780,0.009227
1781,0.009377
1782,0.009447
1783,0.009435
1784,0.009318
1785,0.009405
1786,0.009690
1787,0.009275
1788,0.009372
1789,0.009527
1790,0.009741
1791,0.009294
1792,0.009333
1793,0.009505
1794,0.009590
1795,0.009395
1796,0.009353
1797,0.009377
1798,0.009494
1799,0.009316
1800,0.009450
1801,0.009701
1802,0.009527
1803,0.009500
1804,0.009399
1805,0.009214
1806,0.009411
1807,0.009390
1808,0.009480
1809,0.009534
1810,0.009372
1811,0.009360
1812,0.009412
1813,0.009430
1814,0.009509
1815,0.009532
1816,0.009181
1817,0.009536
1818,0.009925
1819,0.009337
1820,0.009446
1821,0.009351
1822,0.009531
1823,0.009262
1824,0.009488
1825,0.009532
1826,0.009234
1827,0.009540
1828,0.009460
1829,0.009983
1830,0.009303
1831,0.009568
1832,0.009447
1833,0.009333
1834,0.009546
1835,0.009311
1836,0.009482
1837,0.009283
1838,0.009334
1839,0.009576
1840,0.009567
1841,0.009219
1842,0.009435
1843,0.009397
1844,0.009567
1845,0.009299
1846,0.009504
1847,0.009528
1848,0.010062
1849,0.009465
1850,0.009454
1851,0.009457
1852,0.009449
1853,0.009343
1854,0.009576
1855,0.009404
1856,0.009397
1857,0.009437
1858,0.009491
1859,0.009313
1860,0.009559
1861,0.009399
1862,0.009423
1863,0.009398
1864,0.009869
1865,0.009475
1866,0.009318
1867,0.009481
1868,0.009384
1869,0.009356
1870,0.009581
1871,0.009467
1872,0.009421
1873,0.009417
1874,0.009336
1875,0.009640
1876,0.009282
1877,0.009494
1878,0.009361
1879,0.009282
1880,0.009410
1881,0.009468
1882,0.009398
1883,0.010004
1884,0.009478
1885,0.009333
1886,0.009541
1887,0.009807
1888,0.009417
1889,0.009650
1890,0.009409
1891,0.009157
1892,0.009641
1893,0.009333
1894,0.009394
1895,0.009418
1896,0.009526
1897,0.009395
1898,0.009394
1899,0.009471
1900,0.009398
1901,0.009388
1902,0.009404
1903,0.009279
1904,0.009472
1905,0.009885
1906,0.009472
1907,0.009206
1908,0.009560
1909,0.009373
1910,0.009442
1911,0.009459
1912,0.009475
1913,0.009307
1914,0.009562
1915,0.009475
1916,0.009217
1917,0.009626
1918,0.009255
1919,0.009549
1920,0.009352
1921,0.009487
1922,0.009356
1923,0.009291
1924,0.010113
1925,0.009213
1926,0.009429
1927,0.009349
1928,0.009453
1929,0.009308
1930,0.009662
1931,0.009276
1932,0.009399
1933,0.009620
1934,0.009153
1935,0.009516
1936,0.009332
1937,0.009387
1938,0.009575
1939,0.009414
1940,0.009370
1941,0.009905
1942,0.009384
1943,0.009583
1944,0.009340
1945,0.009454
1946,0.009462
1947,0.009386
1948,0.009476
1949,0.009356
1950,0.009564
1951,0.009436
1952,0.009427
1953,0.009499
1954,0.009517
1955,0.009246
1956,0.009422
1957,0.019980
1958,0.028640
1959,0.009532
1960,0.009561
1961,0.009293
1962,0.009806
1963,0.009028
1964,0.009431
1965,0.009428
1966,0.009455
1967,0.009351
1968,0.009601
1969,0.009320
1970,0.009433
1971,0.009394
1972,0.009738
1973,0.009478
1974,0.009510
1975,0.009507
1976,0.009254
1977,0.009388
1978,0.009329
1979,0.009518
1980,0.009494
1981,0.009382
1982,0.009532
1983,0.009506
1984,0.009273
1985,0.009480
1986,0.009401
1987,0.009526
1988,0.009734
1989,0.009694
1990,0.009456
1991,0.009370
1992,0.009731
1993,0.009275
1994,0.009426
1995,0.009662
1996,0.009369
1997,0.009634
1998,0.009487
1999,0.009531
2000,0.009111
2001,0.009700
2002,0.009283
2003,0.009573
2004,0.009390
2005,0.009568
2006,0.009377
2007,0.009883
2008,0.009518
2009,0.009428
2010,0.009535
2011,0.009479
2012,0.009599
2013,0.009171
2014,0.009499
2015,0.009488
2016,0.009494
2017,0.009489
2018,0.009360
2019,0.009592
2020,0.009213
2021,0.009654
2022,0.009458
2023,0.009416
2024,0.009642
2025,0.009202
2026,0.010126
2027,0.009399
2028,0.009517
2029,0.009438
2030,0.009580
2031,0.009476
2032,0.009466
2033,0.009594
2034,0.009394
2035,0.009578
2036,0.009287
2037,0.009596
2038,0.009497
2039,0.009321
2040,0.009506
2041,0.009487
2042,0.009604
2043,0.009286
2044,0.009803
2045,0.009633
2046,0.009552
2047,0.009324
2048,0.009528
2049,0.009473
2050,0.009518
2051,0.009291
2052,0.009611
2053,0.009350
2054,0.009714
2055,0.009655
2056,0.009586
2057,0.009216
2058,0.009307
2059,0.009688
2060,0.009369
2061,0.009976
2062,0.009608
2063,0.009443
2064,0.009534
2065,0.009462
2066,0.009509
2067,0.009303
2068,0.009744
2069,0.009595
2070,0.009477
2071,0.009444
2072,0.009436
2073,0.009643
2074,0.009644
2075,0.009781
2076,0.009302
2077,0.009726
2078,0.009580
2079,0.009541
2080,0.009396
2081,0.009516
2082,0.009590
2083,0.009482
2084,0.009464
2085,0.009382
2086,0.010023
2087,0.009507
2088,0.009365
2089,0.009543
2090,0.009634
2091,0.009698
2092,0.009224
2093,0.009560
2094,0.009404
2095,0.009554
2096,0.009581
2097,0.009432
2098,0.009707
2099,0.009225
2100,0.009792
2101,0.009334
2102,0.009962
2103,0.009606
2104,0.009289
2105,0.009651
2106,0.009390
2107,0.009942
2108,0.009719
2109,0.009286
2110,0.009673
2111,0.009587
2112,0.009441
2113,0.009589
2114,0.009626
2115,0.009722
2116,0.009414
2117,0.009561
2118,0.009598
2119,0.009288
2120,0.009572
2121,0.009628
2122,0.009611
2123,0.009503
2124,0.009591
2125,0.009486
2126,0.010078
2127,0.009352
2128,0.009757
2129,0.009417
2130,0.009732
2131,0.009387
2132,0.009394
2133,0.009547
2134,0.009509
2135,0.009461
2136,0.009613
2137,0.009709
2138,0.009301
2139,0.009891
2140,0.009419
2141,0.009508
2142,0.009786
2143,0.010268
2144,0.009230
2145,0.009666
2146,0.009492
2147,0.009586
2148,0.009581
2149,0.009445
2150,0.009506
2151,0.009478
2152,0.009726
2153,0.009215
2154,0.009617
2155,0.009550
2156,0.009578
2157,0.009528
2158,0.009922
2159,0.009640
2160,0.009455
2161,0.009555
2162,0.009597
2163,0.009493
2164,0.009484
2165,0.009625
2166,0.009348
2167,0.009530
2168,0.009508
2169,0.009713
2170,0.009492
2171,0.009497
2172,0.009589
2173,0.009539
2174,0.009391
2175,0.010155
2176,0.009556
2177,0.009565
2178,0.009480
2179,0.009576
2180,0.009520
2181,0.009317
2182,0.009516
2183,0.009745
2184,0.009415
2185,0.009767
2186,0.022860
2187,0.026346
2188,0.010851
2189,0.009363
2190,0.009465
2191,0.009498
2192,0.009236
2193,0.009531
2194,0.009375
2195,0.009332
2196,0.009418
2197,0.009434
2198,0.009592
2199,0.009260
2200,0.009501
2201,0.009642
2202,0.009692
2203,0.009344
2204,0.009361
2205,0.009566
2206,0.009490
2207,0.009991
2208,0.009523
2209,0.009587
2210,0.009348
2211,0.009536
2212,0.009647
2213,0.009539
2214,0.009509
2215,0.009440
2216,0.009550
2217,0.009560
2218,0.009390
2219,0.009590
2220,0.009665
2221,0.009518
2222,0.009522
2223,0.009465
2224,0.009450
2225,0.010003
2226,0.009591
2227,0.009541
2228,0.009397
2229,0.009521
2230,0.009573
2231,0.009343
2232,0.009788
2233,0.009417
2234,0.009474
2235,0.009586
2236,0.009505
2237,0.009323
2238,0.009671
2239,0.009591
2240,0.009560
2241,0.009499
2242,0.009802
2243,0.009763
2244,0.009425
2245,0.009720
2246,0.009491
2247,0.009372
2248,0.009753
2249,0.009525
2250,0.009468
2251,0.009693
2252,0.009798
2253,0.009754
2254,0.009478
2255,0.009482
2256,0.009752
2257,0.009658
2258,0.009569
2259,0.009402
2260,0.009594
2261,0.009703
2262,0.009643
2263,0.009514
2264,0.009450
2265,0.009589
2266,0.009852
2267,0.009620
2268,0.009585
2269,0.009503
2270,0.009585
2271,0.009573
2272,0.009481
2273,0.009618
2274,0.009606
2275,0.009544
2276,0.009516
2277,0.009377
2278,0.009671
2279,0.009450
2280,0.009821
2281,0.009366
2282,0.009723
2283,0.009411
2284,0.009940
2285,0.009590
2286,0.009486
2287,0.009386
2288,0.009613
2289,0.009523
2290,0.009695
2291,0.009453
2292,0.009466
2293,0.009542
2294,0.009614
2295,0.009409
2296,0.009661
2297,0.009495
2298,0.009668
2299,0.009582
2300,0.009491
2301,0.010091
2302,0.009671
2303,0.009491
2304,0.009712
2305,0.009452
2306,0.009589
2307,0.009541
2308,0.009561
2309,0.009568
2310,0.009676
2311,0.009521
2312,0.009602
2313,0.009577
2314,0.010141
2315,0.009443
2316,0.009608
2317,0.009674
2318,0.009494
2319,0.009684
2320,0.009602
2321,0.009608
2322,0.009659
2323,0.009521
2324,0.009430
2325,0.010086
2326,0.009426
2327,0.009797
2328,0.009557
2329,0.009542
2330,0.009431
2331,0.010037
2332,0.009437
2333,0.009656
2334,0.009738
2335,0.009500
2336,0.009444
2337,0.009857
2338,0.009398
2339,0.009466
2340,0.009776
2341,0.009513
2342,0.009711
2343,0.009717
2344,0.009484
2345,0.009403
2346,0.010155
2347,0.009478
2348,0.009606
2349,0.009508
2350,0.009565
2351,0.009650
2352,0.009616
2353,0.009537
2354,0.009690
2355,0.009434
2356,0.009632
2357,0.009594
2358,0.009481
2359,0.009589
2360,0.009694
2361,0.009546
2362,0.009639
2363,0.009622
2364,0.009413
2365,0.009919
2366,0.009784
2367,0.009720
2368,0.009488
2369,0.009518
2370,0.009619
2371,0.009483
2372,0.009568
2373,0.009600
2374,0.009736
2375,0.009631
2376,0.009520
2377,0.009492
2378,0.009722
2379,0.009417
2380,0.009722
2381,0.009535
2382,0.009585
2383,0.010073
2384,0.009533
2385,0.009560
2386,0.009687
2387,0.009545
2388,0.009703
2389,0.009462
2390,0.009460
2391,0.009707
2392,0.009417
2393,0.009699
2394,0.009537
2395,0.009595
2396,0.009657
2397,0.009670
2398,0.009421
2399,0.010148
2400,0.009606
2401,0.009477
2402,0.009832
2403,0.009473
2404,0.009558
2405,0.009649
2406,0.009746
2407,0.009665
2408,0.009403
2409,0.009712
2410,0.009741
2411,0.010222
2412,0.009689
2413,0.019555
2414,0.026685
2415,0.011130
2416,0.009076
2417,0.009646
2418,0.009235
2419,0.009277
2420,0.009492
2421,0.009502
2422,0.009526
2423,0.009658
2424,0.009273
2425,0.009582
2426,0.009716
2427,0.009930
2428,0.009444
2429,0.009668
2430,0.009640
2431,0.009693
2432,0.009459
2433,0.009713
2434,0.009560
2435,0.009477
2436,0.009706
2437,0.009623
2438,0.009778
2439,0.009380
2440,0.009662
2441,0.009499
2442,0.009652
2443,0.009585
2444,0.009540
2445,0.009443
2446,0.010231
2447,0.009627
2448,0.009568
2449,0.009716
2450,0.009427
2451,0.009596
2452,0.009590
2453,0.009666
2454,0.009592
2455,0.009814
2456,0.009430
2457,0.009680
2458,0.009584
2459,0.009412
2460,0.009653
2461,0.009737
2462,0.010181
2463,0.009476
2464,0.009628
2465,0.009584
2466,0.010031
2467,0.009698
2468,0.009671
2469,0.009578
2470,0.010039
2471,0.009711
2472,0.009550
2473,0.009849
2474,0.009937
2475,0.009704
2476,0.009557
2477,0.009627
2478,0.009861
2479,0.009466
2480,0.009786
2481,0.009686
2482,0.009896
2483,0.009850
2484,0.009573
2485,0.009753
2486,0.009549
2487,0.009543
2488,0.009537
2489,0.009685
2490,0.009616
2491,0.009537
2492,0.009722
2493,0.009545
2494,0.009667
2495,0.009532
2496,0.009664
2497,0.009663
2498,0.009621
2499,0.010279
2500,0.009577
2501,0.009519
2502,0.009790
2503,0.009459
2504,0.009559
2505,0.009732
2506,0.009593
2507,0.009583
2508,0.009700
2509,0.009446
2510,0.009600
2511,0.009589
2512,0.009823
2513,0.009365
2514,0.010034
2515,0.009591
2516,0.009766
2517,0.009656
2518,0.009418
2519,0.009824
2520,0.009423
2521,0.009549
2522,0.009691
2523,0.009515
2524,0.009584
2525,0.009502
2526,0.009683
2527,0.009737
2528,0.009599
2529,0.009471
2530,0.009801
2531,0.009397
2532,0.009767
2533,0.010192
2534,0.009577
2535,0.009615
2536,0.009586
2537,0.009676
2538,0.009560
2539,0.009627
2540,0.009596
2541,0.009577
2542,0.009880
2543,0.009550
2544,0.009680
2545,0.009501
2546,0.009737
2547,0.009624
2548,0.009474
2549,0.009860
2550,0.009366
2551,0.010145
2552,0.009659
2553,0.009477
2554,0.009654
2555,0.009735
2556,0.009626
2557,0.009642
2558,0.009531
2559,0.009456
2560,0.009590
2561,0.010058
2562,0.009689
2563,0.009482
2564,0.009790
2565,0.009558
2566,0.009598
2567,0.009580
2568,0.009608
2569,0.009632
2570,0.009555
2571,0.009734
2572,0.009473
2573,0.009736
2574,0.009463
2575,0.009822
2576,0.009552
2577,0.009594
2578,0.009697
2579,0.010183
2580,0.009781
2581,0.009587
2582,0.009668
2583,0.009680
2584,0.009517
2585,0.009800
2586,0.009674
2587,0.009570
2588,0.009761
2589,0.009559
2590,0.009564
2591,0.009696
2592,0.009514
2593,0.009751
2594,0.009743
2595,0.009540
2596,0.009616
2597,0.009633
2598,0.010154
2599,0.009774
2600,0.009657
2601,0.009696
2602,0.009709
2603,0.009498
2604,0.009739
2605,0.009524
2606,0.009896
2607,0.009380
2608,0.009650
2609,0.009667
2610,0.009690
2611,0.009654
2612,0.009786
2613,0.009647
2614,0.009553
2615,0.009732
2616,0.010136
2617,0.009820
2618,0.009597
2619,0.009695
2620,0.009582
2621,0.009559
2622,0.009590
2623,0.009757
2624,0.010063
2625,0.009646
2626,0.009543
2627,0.009767
2628,0.009709
2629,0.009666
2630,0.009638
2631,0.009522
2632,0.009797
2633,0.009472
2634,0.009846
2635,0.009626
2636,0.009783
2637,0.009963
2638,0.023872
2639,0.025358
2640,0.010203
2641,0.008075
2642,0.009516
2643,0.009475
2644,0.009272
2645,0.009464
2646,0.009444
2647,0.009763
2648,0.009503
2649,0.009368
2650,0.009674
2651,0.009547
2652,0.009657
2653,0.009713
2654,0.009703
2655,0.010021
2656,0.009774
2657,0.009722
2658,0.009445
2659,0.009687
2660,0.009600
2661,0.009751
2662,0.009580
2663,0.009709
2664,0.009524
2665,0.009718
2666,0.009715
2667,0.009753
2668,0.009547
2669,0.009645
2670,0.009590
2671,0.009676
2672,0.010310
2673,0.009517
2674,0.009555
2675,0.009579
2676,0.010045
2677,0.009649
2678,0.009600
2679,0.009574
2680,0.009741
2681,0.009975
2682,0.009735
2683,0.009589
2684,0.009753
2685,0.009520
2686,0.009820
2687,0.009504
2688,0.009519
2689,0.009612
2690,0.009841
2691,0.009666
2692,0.009613
2693,0.009576
2694,0.009788
2695,0.010053
2696,0.009823
2697,0.009665
2698,0.009646
2699,0.009711
2700,0.009625
2701,0.009693
2702,0.009825
2703,0.009699
2704,0.009736
2705,0.009423
2706,0.009643
2707,0.009875
2708,0.010082
2709,0.009665
2710,0.009523
2711,0.009883
2712,0.009610
2713,0.009716
2714,0.009547
2715,0.009654
2716,0.009796
2717,0.009816
2718,0.009349
2719,0.010305
2720,0.009755
2721,0.009631
2722,0.009774
2723,0.009583
2724,0.009643
2725,0.009631
2726,0.009765
2727,0.009680
2728,0.009640
2729,0.009657
2730,0.009657
2731,0.009698
2732,0.009739
2733,0.009796
2734,0.010411
2735,0.009735
2736,0.009659
2737,0.009789
2738,0.009612
2739,0.009661
2740,0.009695
2741,0.009740
2742,0.009771
2743,0.009539
2744,0.009765
2745,0.010208
2746,0.009761
2747,0.009605
2748,0.009755
2749,0.009518
2750,0.009752
2751,0.009666
2752,0.009691
2753,0.009933
2754,0.009503
2755,0.009716
2756,0.009685
2757,0.009728
2758,0.009779
2759,0.009676
2760,0.009589
2761,0.009620
2762,0.009827
2763,0.010206
2764,0.009477
2765,0.009707
2766,0.009624
2767,0.009691
2768,0.009860
2769,0.009592
2770,0.009496
2771,0.009955
2772,0.009623
2773,0.009620
2774,0.009819
2775,0.009550
2776,0.009786
2777,0.009514
2778,0.009860
2779,0.009651
2780,0.009708
2781,0.009712
2782,0.010064
2783,0.009715
2784,0.009688
2785,0.009768
2786,0.009724
2787,0.009500
2788,0.009638
2789,0.009623
2790,0.009899
2791,0.009683
2792,0.009807
2793,0.009534
2794,0.009842
2795,0.009518
2796,0.009703
2797,0.009743
2798,0.009641
2799,0.009622
2800,0.009985
2801,0.009958
2802,0.009619
2803,0.009622
2804,0.009841
2805,0.010028
2806,0.009648
2807,0.009612
2808,0.009596
2809,0.010135
2810,0.009862
2811,0.009611
2812,0.009551
2813,0.010074
2814,0.009800
2815,0.009635
2816,0.009647
2817,0.009756
2818,0.009633
2819,0.009859
2820,0.009571
2821,0.009649
2822,0.009778
2823,0.009670
2824,0.009659
2825,0.009624
2826,0.009762
2827,0.009686
2828,0.009732
2829,0.010229
2830,0.009559
2831,0.009576
2832,0.009741
2833,0.009576
2834,0.009666
2835,0.009656
2836,0.009585
2837,0.009752
2838,0.009734
2839,0.009609
2840,0.009712
2841,0.009627
2842,0.009635
2843,0.009595
2844,0.009821
2845,0.009593
2846,0.009706
2847,0.009648
2848,0.010013
2849,0.009696
2850,0.009589
2851,0.009727
2852,0.009869
2853,0.009404
2854,0.009868
2855,0.009471
2856,0.009737
2857,0.009586
2858,0.009601
2859,0.009719
2860,0.009763
2861,0.009700
2862,0.029642
2863,0.018993
2864,0.007313
2865,0.008771
2866,0.009471
2867,0.009540
2868,0.010332
2869,0.008611
2870,0.009560
2871,0.009778
2872,0.009517
2873,0.009776
2874,0.009466
2875,0.009678
2876,0.009785
2877,0.009509
2878,0.009869
2879,0.010230
2880,0.009623
2881,0.009674
2882,0.009688
2883,0.009469
2884,0.009636
2885,0.010314
2886,0.009856
2887,0.009802
2888,0.009581
2889,0.009565
2890,0.010038
2891,0.009385
2892,0.009738
2893,0.009609
2894,0.009822
2895,0.009640
2896,0.009648
2897,0.009675
2898,0.009601
2899,0.009521
2900,0.009796
2901,0.009662
2902,0.009769
2903,0.010011
2904,0.009674
2905,0.009563
2906,0.009789
2907,0.009718
2908,0.009592
2909,0.009882
2910,0.009708
2911,0.009641
2912,0.009660
2913,0.009688
2914,0.009812
2915,0.009470
2916,0.009607
2917,0.009748
2918,0.009705
2919,0.009796
2920,0.010153
2921,0.009522
2922,0.009704
2923,0.009553
2924,0.009795
2925,0.009718
2926,0.009483
2927,0.009785
2928,0.009652
2929,0.009657
2930,0.010151
2931,0.009860
2932,0.009689
2933,0.009764
2934,0.009508
2935,0.009743
2936,0.009611
2937,0.009698
2938,0.009823
2939,0.009521
2940,0.009636
2941,0.009859
2942,0.009758
2943,0.009538
2944,0.009742
2945,0.009729
2946,0.009645
2947,0.009686
2948,0.010063
2949,0.009996
2950,0.009597
2951,0.009447
2952,0.009641
2953,0.009859
2954,0.009415
2955,0.009703
2956,0.009662
2957,0.009777
2958,0.009531
2959,0.009551
2960,0.009902
2961,0.009551
2962,0.009831
2963,0.009457
2964,0.009864
2965,0.009655
2966,0.009634
2967,0.010187
2968,0.009884
2969,0.009599
2970,0.009578
2971,0.009757
2972,0.009716
2973,0.009662
2974,0.010093
2975,0.009306
2976,0.009731
2977,0.009534
2978,0.009510
2979,0.009643
2980,0.009725
2981,0.010138
2982,0.009622
2983,0.009797
2984,0.009587
2985,0.009709
2986,0.009713
2987,0.009743
2988,0.009684
2989,0.009572
2990,0.009672
2991,0.009769
2992,0.009848
2993,0.009633
2994,0.009619
2995,0.009710
2996,0.009772
2997,0.009639
2998,0.010302
2999,0.009612
3000,0.009569
3001,0.009807
3002,0.009565
3003,0.009712
3004,0.009733
3005,0.009790
3006,0.009599
3007,0.009651
3008,0.009784
3009,0.009613
3010,0.009593
3011,0.009761
3012,0.009717
3013,0.009605
3014,0.010299
3015,0.009708
3016,0.009636
3017,0.009727
3018,0.009677
3019,0.009659
3020,0.009765
3021,0.009751
3022,0.009708
3023,0.009782
3024,0.009601
3025,0.009641
3026,0.009697
3027,0.009672
3028,0.009733
3029,0.009647
3030,0.009797
3031,0.009772
3032,0.009747
3033,0.010204
3034,0.009811
3035,0.009954
3036,0.009516
3037,0.009911
3038,0.009488
3039,0.009970
3040,0.009348
3041,0.009788
3042,0.009496
3043,0.009726
3044,0.009790
3045,0.009433
3046,0.009939
3047,0.009623
3048,0.009468
3049,0.009851
3050,0.010155
3051,0.009602
3052,0.009852
3053,0.009891
3054,0.009939
3055,0.009817
3056,0.009580
3057,0.009642
3058,0.009790
3059,0.009787
3060,0.009511
3061,0.009626
3062,0.009844
3063,0.009720
3064,0.009803
3065,0.009590
3066,0.009638
3067,0.009742
3068,0.009745
3069,0.009698
3070,0.009757
3071,0.009483
3072,0.010392
3073,0.009508
3074,0.009508
3075,0.009961
3076,0.009721
3077,0.009558
3078,0.009765
3079,0.009628
3080,0.009581
3081,0.009764
3082,0.009637
3083,0.009657
3084,0.009802
3085,0.009615
3086,0.009859
3087,0.016616
3088,0.032218
3089,0.011219
3090,0.009704
3091,0.009259
3092,0.009508
3093,0.009252
3094,0.009490
3095,0.009637
3096,0.009378
3097,0.009769
3098,0.009599
3099,0.009460
3100,0.009620
3101,0.009602
3102,0.009783
3103,0.009650
3104,0.010187
3105,0.009695
3106,0.009534
3107,0.009603
3108,0.009936
3109,0.009497
3110,0.009677
3111,0.009578
3112,0.009850
3113,0.009570
3114,0.009714
3115,0.010222
3116,0.009625
3117,0.009747
3118,0.009648
3119,0.009660
3120,0.009808
3121,0.009570
3122,0.009824
3123,0.009590
3124,0.009501
3125,0.009883
3126,0.009548
3127,0.009543
3128,0.009771
3129,0.009664
3130,0.009706
3131,0.009659
3132,0.009816
3133,0.010082
3134,0.009718
3135,0.009540
3136,0.009739
3137,0.009594
3138,0.010221
3139,0.009465
3140,0.009854
3141,0.009400
3142,0.009865
3143,0.009600
3144,0.009686
3145,0.010057
3146,0.009606
3147,0.009807
3148,0.009756
3149,0.009608
3150,0.009512
3151,0.009738
3152,0.009732
3153,0.009732
3154,0.009564
3155,0.009536
3156,0.009821
3157,0.009712
3158,0.009612
3159,0.009515
3160,0.009740
3161,0.010282
3162,0.009513
3163,0.009761
3164,0.009598
3165,0.009654
3166,0.009824
3167,0.009652
3168,0.009673
3169,0.009524
3170,0.009884
3171,0.009706
3172,0.009719
3173,0.009631
3174,0.009631
3175,0.009861
3176,0.009633
3177,0.009759
3178,0.009724
3179,0.009624
3180,0.010023
3181,0.009877
3182,0.009486
3183,0.009734
3184,0.009893
3185,0.009595
3186,0.009534
3187,0.009891
3188,0.009766
3189,0.009695
3190,0.009586
3191,0.009649
3192,0.009789
3193,0.009553
3194,0.009800
3195,0.009655
3196,0.010117
3197,0.009788
3198,0.009654
3199,0.009654
3200,0.010337
3201,0.009583
3202,0.009676
3203,0.009802
3204,0.009679
3205,0.009622
3206,0.009747
3207,0.009940
3208,0.009461
3209,0.009740
3210,0.009744
3211,0.009643
3212,0.009830
3213,0.009411
3214,0.009920
3215,0.009593
3216,0.009698
3217,0.009702
3218,0.010179
3219,0.009679
3220,0.009463
3221,0.009538
3222,0.009734
3223,0.009650
3224,0.009602
3225,0.009823
3226,0.009423
3227,0.009826
3228,0.009641
3229,0.009905
3230,0.009714
3231,0.009724
3232,0.009664
3233,0.009727
3234,0.009718
3235,0.009480
3236,0.009587
3237,0.010264
3238,0.009659
3239,0.009787
3240,0.009608
3241,0.009755
3242,0.009578
3243,0.009721
3244,0.009613
3245,0.009926
3246,0.009644
3247,0.009668
3248,0.009806
3249,0.009529
3250,0.009626
3251,0.010007
3252,0.009561
3253,0.009789
3254,0.009867
3255,0.009614
3256,0.010207
3257,0.009592
3258,0.009654
3259,0.009803
3260,0.009693
3261,0.009752
3262,0.009637
3263,0.009643
3264,0.009611
3265,0.009791
3266,0.009671
3267,0.009671
3268,0.009684
3269,0.009838
3270,0.009373
3271,0.009806
3272,0.010232
3273,0.009624
3274,0.009840
3275,0.009881
3276,0.009603
3277,0.009772
3278,0.009632
3279,0.009544
3280,0.009842
3281,0.009646
3282,0.009710
3283,0.009597
3284,0.009897
3285,0.009509
3286,0.009776
3287,0.009779
3288,0.010027
3289,0.009575
3290,0.009867
3291,0.009684
3292,0.009692
3293,0.009594
3294,0.009757
3295,0.009588
3296,0.010032
3297,0.009581
3298,0.009523
3299,0.009751
3300,0.009763
3301,0.009867
3302,0.010157
3303,0.009634
3304,0.009655
3305,0.009729
3306,0.009744
3307,0.009671
3308,0.009778
3309,0.009698
3310,0.009743
3311,0.027056
3312,0.022503
3313,0.010729
3314,0.008895
3315,0.009529
3316,0.009451
3317,0.009868
3318,0.009486
3319,0.009507
3320,0.009539
3321,0.009783
3322,0.009737
3323,0.009462
3324,0.009623
3325,0.009711
3326,0.009727
3327,0.009693
3328,0.009666
3329,0.009644
3330,0.009820
3331,0.010039
3332,0.009727
3333,0.009562
3334,0.009885
3335,0.009751
3336,0.010037
3337,0.009556
3338,0.009774
3339,0.009624
3340,0.009736
3341,0.009700
3342,0.009637
3343,0.009687
3344,0.009618
3345,0.009620
3346,0.009874
3347,0.009488
3348,0.009719
3349,0.009773
3350,0.009800
3351,0.009580
3352,0.009628
3353,0.009785
3354,0.010315
3355,0.009657
3356,0.009702
3357,0.009628
3358,0.009634
3359,0.009524
3360,0.009831
3361,0.009737
3362,0.009631
3363,0.009948
3364,0.009543
3365,0.009949
3366,0.009679
3367,0.009800
3368,0.009713
3369,0.009781
3370,0.009440
3371,0.009886
3372,0.009680
3373,0.009476
3374,0.009804
3375,0.009696
3376,0.009610
3377,0.009845
3378,0.009780
3379,0.009549
3380,0.009645
3381,0.009581
3382,0.009826
3383,0.009506
3384,0.010092
3385,0.009750
3386,0.009472
3387,0.009918
3388,0.009688
3389,0.009901
3390,0.009612
3391,0.009631
3392,0.009583
3393,0.009493
3394,0.009660
3395,0.009975
3396,0.009570
3397,0.009783
3398,0.009629
3399,0.009708
3400,0.009678
3401,0.009880
3402,0.009968
3403,0.009720
3404,0.009814
3405,0.009584
3406,0.009801
3407,0.009845
3408,0.009579
3409,0.009664
3410,0.009801
3411,0.009587
3412,0.009843
3413,0.009609
3414,0.009699
3415,0.009720
3416,0.009871
3417,0.010117
3418,0.009742
3419,0.009881
3420,0.009547
3421,0.009674
3422,0.009740
3423,0.009596
3424,0.009846
3425,0.009565
3426,0.009679
3427,0.009826
3428,0.009685
3429,0.009746
3430,0.009680
3431,0.009778
3432,0.009651
3433,0.009985
3434,0.009453
3435,0.009748
3436,0.010183
3437,0.009586
3438,0.009794
3439,0.009636
3440,0.009766
3441,0.009641
3442,0.009814
3443,0.009589
3444,0.009788
3445,0.009567
3446,0.009941
3447,0.009578
3448,0.009664
3449,0.009663
3450,0.009743
3451,0.010240
3452,0.009572
3453,0.009921
3454,0.009615
3455,0.009647
3456,0.009767
3457,0.009631
3458,0.009960
3459,0.009377
3460,0.009733
3461,0.009707
3462,0.009866
3463,0.009638
3464,0.009612
3465,0.009822
3466,0.009686
3467,0.009670
3468,0.010054
3469,0.009669
3470,0.009655
3471,0.009799
3472,0.009551
3473,0.009827
3474,0.009805
3475,0.009556
3476,0.010366
3477,0.009450
3478,0.009897
3479,0.009710
3480,0.009512
3481,0.009553
3482,0.009863
3483,0.009564
3484,0.009718
3485,0.009696
3486,0.009832
3487,0.009756
3488,0.009485
3489,0.009780
3490,0.009770
3491,0.009620
3492,0.009841
3493,0.009631
3494,0.010095
3495,0.009684
3496,0.009963
3497,0.009446
3498,0.009609
3499,0.009626
3500,0.009731
3501,0.009677
3502,0.009794
3503,0.009640
3504,0.009564
3505,0.009813
3506,0.009720
3507,0.009746
3508,0.009567
3509,0.009699
3510,0.009439
3511,0.009778
3512,0.009888
3513,0.010165
3514,0.009659
3515,0.009694
3516,0.009655
3517,0.009691
3518,0.009606
3519,0.009534
3520,0.009825
3521,0.009868
3522,0.009705
3523,0.009679
3524,0.009492
3525,0.009674
3526,0.009760
3527,0.009819
3528,0.009968
3529,0.009924
3530,0.009479
3531,0.009694
3532,0.009774
3533,0.009661
3534,0.009949
3535,0.042035
3536,0.006028
3537,0.010258
3538,0.009176
3539,0.009567
3540,0.009455
3541,0.009510
3542,0.009583
3543,0.009753
3544,0.010076
3545,0.009665
3546,0.009648
3547,0.009556
3548,0.009707
3549,0.009603
3550,0.009759
3551,0.009832
3552,0.009537
3553,0.009716
3554,0.009695
3555,0.009725
3556,0.009662
3557,0.009620
3558,0.009595
3559,0.009863
3560,0.009699
3561,0.009590
3562,0.010070
3563,0.009746
3564,0.009714
3565,0.009723
3566,0.009787
3567,0.009600
3568,0.010253
3569,0.009806
3570,0.009742
3571,0.009470
3572,0.009857
3573,0.009576
3574,0.009779
3575,0.009697
3576,0.009656
3577,0.009746
3578,0.010176
3579,0.009712
3580,0.009707
3581,0.009610
3582,0.009626
3583,0.009661
3584,0.009813
3585,0.009625
3586,0.009639
3587,0.009681
3588,0.009645
3589,0.009719
3590,0.009832
3591,0.009779
3592,0.009613
3593,0.009734
3594,0.009544
3595,0.009799
3596,0.010315
3597,0.009760
3598,0.009605
3599,0.009564
3600,0.009678
3601,0.009829
3602,0.009613
3603,0.009745
3604,0.009555
3605,0.009823
3606,0.009501
3607,0.009930
3608,0.009709
3609,0.010007
3610,0.009699
3611,0.009879
3612,0.009605
3613,0.009919
3614,0.009808
3615,0.009676
3616,0.009867
3617,0.009467
3618,0.009766
3619,0.009731
3620,0.009687
3621,0.009772
3622,0.009646
3623,0.009799
3624,0.009681
3625,0.009673
3626,0.009592
3627,0.009717
3628,0.010131
3629,0.009980
3630,0.009469
3631,0.009728
3632,0.009747
3633,0.009505
3634,0.010005
3635,0.009474
3636,0.009828
3637,0.009554
3638,0.009716
3639,0.009875
3640,0.009353
3641,0.009742
3642,0.009707
3643,0.009833
3644,0.009635
3645,0.010020
3646,0.009728
3647,0.009705
3648,0.009525
3649,0.009953
3650,0.009570
3651,0.009657
3652,0.009839
3653,0.009623
3654,0.009568
3655,0.009720
3656,0.009962
3657,0.009517
3658,0.009575
3659,0.009927
3660,0.009416
3661,0.009952
3662,0.009768
3663,0.009900
3664,0.009841
3665,0.009658
3666,0.009710
3667,0.009719
3668,0.009829
3669,0.009789
3670,0.009619
3671,0.009569
3672,0.010356
3673,0.009704
3674,0.009785
3675,0.009900
3676,0.010038
3677,0.009668
3678,0.009669
3679,0.009840
3680,0.009532
3681,0.009599
3682,0.009748
3683,0.009592
3684,0.009707
3685,0.009736
3686,0.009556
3687,0.009786
3688,0.009682
3689,0.009693
3690,0.009582
3691,0.010267
3692,0.009839
3693,0.009667
3694,0.009811
3695,0.009665
3696,0.009573
3697,0.009722
3698,0.010093
3699,0.009681
3700,0.009952
3701,0.009454
3702,0.009651
3703,0.009850
3704,0.009575
3705,0.009864
3706,0.009450
3707,0.009768
3708,0.009633
3709,0.009918
3710,0.010371
3711,0.009454
3712,0.009673
3713,0.009881
3714,0.009613
3715,0.009762
3716,0.009596
3717,0.009780
3718,0.009560
3719,0.009787
3720,0.009723
3721,0.009795
3722,0.009582
3723,0.009711
3724,0.010127
3725,0.009830
3726,0.009644
3727,0.009749
3728,0.009734
3729,0.009473
3730,0.009776
3731,0.009513
3732,0.009851
3733,0.009668
3734,0.009691
3735,0.009531
3736,0.009755
3737,0.009696
3738,0.009678
3739,0.009476
3740,0.009746
3741,0.009776
3742,0.009612
3743,0.010070
3744,0.009693
3745,0.009919
3746,0.009518
3747,0.009632
3748,0.009673
3749,0.009749
3750,0.009549
3751,0.009686
3752,0.009776
3753,0.009692
3754,0.009523
3755,0.009648
3756,0.009710
3757,0.010035
3758,0.009942
3759,0.010001
3760,0.038938
3761,0.007776
3762,0.010428
3763,0.009179
3764,0.009569
3765,0.009189
3766,0.009495
3767,0.009686
3768,0.009430
3769,0.009773
3770,0.009398
3771,0.010246
3772,0.009661
3773,0.009617
3774,0.009751
3775,0.009747
3776,0.009498
3777,0.009701
3778,0.009576
3779,0.009825
3780,0.009624
3781,0.009650
3782,0.009676
3783,0.009736
3784,0.009533
3785,0.009769
3786,0.009690
3787,0.009732
3788,0.009619
3789,0.010146
3790,0.009694
3791,0.009766
3792,0.009546
3793,0.009582
3794,0.009813
3795,0.009606
3796,0.009707
3797,0.009737
3798,0.009741
3799,0.009472
3800,0.009857
3801,0.010029
3802,0.009644
3803,0.009833
3804,0.009636
3805,0.009608
3806,0.009805
3807,0.009605
3808,0.009599
3809,0.009744
3810,0.009849
3811,0.009726
3812,0.009380
3813,0.009824
3814,0.009672
3815,0.009558
3816,0.010325
3817,0.009628
3818,0.009563
3819,0.009747
3820,0.009571
3821,0.009863
3822,0.009618
3823,0.009676
3824,0.009534
3825,0.009786
3826,0.009810
3827,0.009630
3828,0.009699
3829,0.009784
3830,0.009564
3831,0.009690
3832,0.009614
3833,0.010088
3834,0.009823
3835,0.009580
3836,0.009558
3837,0.009879
3838,0.009655
3839,0.009634
3840,0.009712
3841,0.009698
3842,0.010268
3843,0.009561
3844,0.009753
3845,0.009514
3846,0.009953
3847,0.009516
3848,0.009833
3849,0.009654
3850,0.009672
3851,0.009697
3852,0.009789
3853,0.009618
3854,0.009740
3855,0.009441
3856,0.009852
3857,0.009602
3858,0.010224
3859,0.009683
3860,0.009592
3861,0.009609
3862,0.009742
3863,0.009718
3864,0.009850
3865,0.009788
3866,0.009614
3867,0.009596
3868,0.009793
3869,0.009717
3870,0.009938
3871,0.010178
3872,0.009629
3873,0.009704
3874,0.009673
3875,0.009502
3876,0.009757
3877,0.009798
3878,0.009586
3879,0.009684
3880,0.009700
3881,0.009527
3882,0.009700
3883,0.009796
3884,0.009613
3885,0.009778
3886,0.009671
3887,0.009709
3888,0.009541
3889,0.010306
3890,0.009750
3891,0.009707
3892,0.009491
3893,0.009701
3894,0.009821
3895,0.009591
3896,0.009823
3897,0.009534
3898,0.009767
3899,0.009545
3900,0.009678
3901,0.009726
3902,0.009603
3903,0.009691
3904,0.009572
3905,0.009871
3906,0.009712
3907,0.009943
3908,0.009651
3909,0.009792
3910,0.009771
3911,0.009450
3912,0.009822
3913,0.009764
3914,0.009436
3915,0.009647
3916,0.010319
3917,0.009596
3918,0.009745
3919,0.009636
3920,0.009650
3921,0.009766
3922,0.009372
3923,0.009965
3924,0.009660
3925,0.009622
3926,0.009496
3927,0.009787
3928,0.009866
3929,0.009811
3930,0.009639
3931,0.009663
3932,0.009741
3933,0.009511
3934,0.010389
3935,0.009628
3936,0.009730
3937,0.009790
3938,0.009479
3939,0.009684
3940,0.009502
3941,0.009792
3942,0.009572
3943,0.009878
3944,0.010086
3945,0.009736
3946,0.009656
3947,0.009513
3948,0.009705
3949,0.009776
3950,0.009482
3951,0.009682
3952,0.009852
3953,0.009603
3954,0.009520
3955,0.009903
3956,0.009656
3957,0.009565
3958,0.009479
3959,0.009675
3960,0.009680
3961,0.009708
3962,0.010100
3963,0.009702
3964,0.009556
3965,0.009759
3966,0.009838
3967,0.009612
3968,0.009939
3969,0.009565
3970,0.009631
3971,0.009580
3972,0.009774
3973,0.009504
3974,0.009848
3975,0.009621
3976,0.009777
3977,0.009606
3978,0.009512
3979,0.009866
3980,0.010003
3981,0.009551
3982,0.009904
3983,0.032859
3984,0.023916
3985,0.010645
3986,0.010585
3987,0.008302
3988,0.009490
3989,0.009227
3990,0.009510
3991,0.009445
3992,0.009521
3993,0.009977
3994,0.009645
3995,0.009633
3996,0.009611
3997,0.009448
3998,0.009655
3999,0.009611
4000,0.009686
4001,0.009615
4002,0.009573
4003,0.009717
4004,0.009509
4005,0.009631
4006,0.009737
4007,0.009532
4008,0.009618
4009,0.009875
4010,0.009403
4011,0.009689
4012,0.010125
4013,0.009561
4014,0.009678
4015,0.009578
4016,0.009691
4017,0.009504
4018,0.009646
4019,0.009568
4020,0.009731
4021,0.009552
4022,0.009664
4023,0.009538
4024,0.009666
4025,0.010011
4026,0.009720
4027,0.009772
4028,0.009474
4029,0.009721
4030,0.009570
4031,0.009667
4032,0.009738
4033,0.009690
4034,0.009622
4035,0.009527
4036,0.009549
4037,0.010083
4038,0.009798
4039,0.009403
4040,0.009713
4041,0.009663
4042,0.009672
4043,0.009694
4044,0.009572
4045,0.009870
4046,0.009571
4047,0.009611
4048,0.009675
4049,0.009609
4050,0.009683
4051,0.009793
4052,0.009355
4053,0.009682
4054,0.009716
4055,0.009528
4056,0.010360
4057,0.009516
4058,0.009720
4059,0.009688
4060,0.009966
4061,0.009621
4062,0.009797
4063,0.009609
4064,0.009587
4065,0.009750
4066,0.009433
4067,0.009625
4068,0.009807
4069,0.009340
4070,0.009700
4071,0.009570
4072,0.009606
4073,0.009498
4074,0.009767
4075,0.009546
4076,0.009560
4077,0.009893
4078,0.009981
4079,0.009501
4080,0.009682
4081,0.009517
4082,0.009676
4083,0.009504
4084,0.009840
4085,0.009477
4086,0.009671
4087,0.010082
4088,0.009587
4089,0.009681
4090,0.009601
4091,0.009563
4092,0.009595
4093,0.009866
4094,0.009567
4095,0.009685
4096,0.009681
4097,0.009438
4098,0.009664
4099,0.009744
4100,0.009754
4101,0.009657
4102,0.010158
4103,0.009558
4104,0.009750
4105,0.009432
4106,0.009821
4107,0.009575
4108,0.009703
4109,0.009693
4110,0.009588
4111,0.009550
4112,0.009900
4113,0.009510
4114,0.009586
4115,0.009818
4116,0.009709
4117,0.009509
4118,0.009783
4119,0.009681
4120,0.010129
4121,0.009767
4122,0.009729
4123,0.009619
4124,0.009755
4125,0.009688
4126,0.009562
4127,0.009650
4128,0.009728
4129,0.009710
4130,0.009671
4131,0.009495
4132,0.009967
4133,0.009710
4134,0.009515
4135,0.009918
4136,0.009402
4137,0.009764
4138,0.009716
4139,0.009984
4140,0.009753
4141,0.009711
4142,0.009592
4143,0.009595
4144,0.009771
4145,0.009793
4146,0.009520
4147,0.009697
4148,0.009748
4149,0.009664
4150,0.009622
4151,0.009628
4152,0.009608
4153,0.009894
4154,0.010007
4155,0.009631
4156,0.009773
4157,0.009742
4158,0.009476
4159,0.009537
4160,0.009847
4161,0.009647
4162,0.009602
4163,0.009872
4164,0.009451
4165,0.009715
4166,0.009651
4167,0.009682
4168,0.009857
4169,0.009585
4170,0.009778
4171,0.010296
4172,0.009543
4173,0.009638
4174,0.009826
4175,0.009526
4176,0.010099
4177,0.009557
4178,0.009718
4179,0.009777
4180,0.009683
4181,0.009649
4182,0.009620
4183,0.009558
4184,0.009888
4185,0.009508
4186,0.010064
4187,0.009739
4188,0.009790
4189,0.009631
4190,0.009525
4191,0.009765
4192,0.009651
4193,0.009512
4194,0.009725
4195,0.009602
4196,0.009597
4197,0.009536
4198,0.009825
4199,0.009706
4200,0.010271
4201,0.009413
4202,0.009683
4203,0.009713
4204,0.009635
4205,0.009847
4206,0.009879
4207,0.032726
4208,0.016464
4209,0.009638
4210,0.009577
4211,0.009568
4212,0.009345
4213,0.009430
4214,0.009611
4215,0.009955
4216,0.009460
4217,0.009541
4218,0.009535
4219,0.009680
4220,0.009569
4221,0.009712
4222,0.009998
4223,0.009571
4224,0.009626
4225,0.009575
4226,0.010083
4227,0.009826
4228,0.009490
4229,0.009665
4230,0.009967
4231,0.009762
4232,0.009715
4233,0.009524
4234,0.009609
4235,0.009724
4236,0.009482
4237,0.009667
4238,0.009802
4239,0.009560
4240,0.009689
4241,0.009398
4242,0.010061
4243,0.009812
4244,0.009598
4245,0.009579
4246,0.009620
4247,0.010044
4248,0.009627
4249,0.009750
4250,0.009655
4251,0.009606
4252,0.009673
4253,0.009503
4254,0.009460
4255,0.009786
4256,0.009854
4257,0.009515
4258,0.009684
4259,0.009598
4260,0.009801
4261,0.009432
4262,0.009638
4263,0.009783
4264,0.010378
4265,0.009340
4266,0.009732
4267,0.009629
4268,0.009663
4269,0.009727
4270,0.009604
4271,0.009870
4272,0.009545
4273,0.009667
4274,0.009688
4275,0.009650
4276,0.009645
4277,0.009612
4278,0.009739
4279,0.009464
4280,0.010227
4281,0.009615
4282,0.009806
4283,0.009519
4284,0.009638
4285,0.009480
4286,0.009744
4287,0.009449
4288,0.009724
4289,0.009625
4290,0.009645
4291,0.009755
4292,0.009650
4293,0.009608
4294,0.010301
4295,0.009514
4296,0.009649
4297,0.009729
4298,0.009647
4299,0.009631
4300,0.009623
4301,0.009628
4302,0.009506
4303,0.009708
4304,0.009487
4305,0.010147
4306,0.009576
4307,0.009880
4308,0.009465
4309,0.009734
4310,0.009545
4311,0.009675
4312,0.009505
4313,0.009872
4314,0.009795
4315,0.009245
4316,0.009679
4317,0.009749
4318,0.009599
4319,0.009687
4320,0.009798
4321,0.009391
4322,0.009811
4323,0.010035
4324,0.009579
4325,0.009419
4326,0.009637
4327,0.009756
4328,0.009609
4329,0.009543
4330,0.009691
4331,0.009463
4332,0.009749
4333,0.009827
4334,0.009611
4335,0.009582
4336,0.009733
4337,0.009553
4338,0.009506
4339,0.009876
4340,0.009500
4341,0.009660
4342,0.010029
4343,0.009532
4344,0.009754
4345,0.009522
4346,0.009623
4347,0.009707
4348,0.009478
4349,0.009599
4350,0.009655
4351,0.009624
4352,0.009696
4353,0.009469
4354,0.010037
4355,0.009600
4356,0.009655
4357,0.009568
4358,0.009761
4359,0.009424
4360,0.009684
4361,0.009448
4362,0.009759
4363,0.009524
4364,0.009469
4365,0.009612
4366,0.009627
4367,0.010010
4368,0.009591
4369,0.009621
4370,0.009641
4371,0.009447
4372,0.009648
4373,0.009783
4374,0.009338
4375,0.009816
4376,0.009468
4377,0.009545
4378,0.009494
4379,0.009663
4380,0.009747
4381,0.009392
4382,0.009620
4383,0.009740
4384,0.009535
4385,0.010064
4386,0.009578
4387,0.009763
4388,0.009429
4389,0.009522
4390,0.009929
4391,0.009377
4392,0.009744
4393,0.009339
4394,0.009703
4395,0.009817
4396,0.009714
4397,0.009534
4398,0.009765
4399,0.009430
4400,0.009524
4401,0.009851
4402,0.009657
4403,0.009583
4404,0.009943
4405,0.009529
4406,0.009659
4407,0.009511
4408,0.010175
4409,0.009527
4410,0.010037
4411,0.009265
4412,0.009675
4413,0.009700
4414,0.009657
4415,0.009405
4416,0.009726
4417,0.009422
4418,0.009718
4419,0.009536
4420,0.009723
4421,0.009523
4422,0.009814
4423,0.010025
4424,0.009506
4425,0.009619
4426,0.009483
4427,0.009815
4428,0.009594
4429,0.009506
4430,0.009686
4431,0.009704
4432,0.027901
4433,0.025511
4434,0.009113
4435,0.009247
4436,0.009464
4437,0.009257
4438,0.009403
4439,0.009419
4440,0.009605
4441,0.009419
4442,0.009965
4443,0.009563
4444,0.009490
4445,0.009613
4446,0.009667
4447,0.009835
4448,0.009589
4449,0.009438
4450,0.009502
4451,0.009672
4452,0.009496
4453,0.009764
4454,0.010199
4455,0.009493
4456,0.009408
4457,0.009490
4458,0.009931
4459,0.009541
4460,0.009616
4461,0.009744
4462,0.009671
4463,0.009625
4464,0.009691
4465,0.009520
4466,0.009899
4467,0.009889
4468,0.009510
4469,0.009710
4470,0.009450
4471,0.010111
4472,0.009634
4473,0.009780
4474,0.009436
4475,0.009636
4476,0.009432
4477,0.009775
4478,0.009441
4479,0.009676
4480,0.009497
4481,0.009652
4482,0.009766
4483,0.009673
4484,0.009779
4485,0.009500
4486,0.009682
4487,0.009532
4488,0.010075
4489,0.009541
4490,0.009597
4491,0.009975
4492,0.009403
4493,0.009697
4494,0.009599
4495,0.009657
4496,0.009387
4497,0.009647
4498,0.009914
4499,0.009456
4500,0.009632
4501,0.009763
4502,0.009421
4503,0.009723
4504,0.009737
4505,0.009969
4506,0.009639
4507,0.009679
4508,0.009609
4509,0.009515
4510,0.009738
4511,0.009747
4512,0.009283
4513,0.009730
4514,0.009716
4515,0.009607
4516,0.010037
4517,0.009656
4518,0.009620
4519,0.009999
4520,0.009671
4521,0.009706
4522,0.009637
4523,0.009454
4524,0.010299
4525,0.009474
4526,0.009722
4527,0.009670
4528,0.009546
4529,0.009658
4530,0.009585
4531,0.009511
4532,0.009766
4533,0.009507
4534,0.009615
4535,0.009797
4536,0.009626
4537,0.009405
4538,0.009924
4539,0.009633
4540,0.009664
4541,0.009457
4542,0.010128
4543,0.009360
4544,0.009860
4545,0.009556
4546,0.009551
4547,0.009646
4548,0.009784
4549,0.009692
4550,0.009411
4551,0.009654
4552,0.009485
4553,0.009761
4554,0.009671
4555,0.009662
4556,0.009473
4557,0.009625
4558,0.009552
4559,0.009681
4560,0.009776
4561,0.010134
4562,0.009511
4563,0.009647
4564,0.009372
4565,0.009780
4566,0.009464
4567,0.009748
4568,0.009665
4569,0.009568
4570,0.009619
4571,0.009627
4572,0.009425
4573,0.009785
4574,0.009708
4575,0.009529
4576,0.009465
4577,0.009820
4578,0.010134
4579,0.009784
4580,0.009504
4581,0.009708
4582,0.009699
4583,0.009568
4584,0.009568
4585,0.009776
4586,0.009777
4587,0.009376
4588,0.009883
4589,0.009602
4590,0.010001
4591,0.009765
4592,0.010110
4593,0.009280
4594,0.010002
4595,0.009615
4596,0.009599
4597,0.009529
4598,0.010323
4599,0.009522
4600,0.009740
4601,0.009534
4602,0.009737
4603,0.009618
4604,0.009452
4605,0.009647
4606,0.009933
4607,0.009684
4608,0.009869
4609,0.009447
4610,0.009580
4611,0.009806
4612,0.009957
4613,0.009947
4614,0.009744
4615,0.009412
4616,0.009624
4617,0.009547
4618,0.009652
4619,0.009507
4620,0.009979
4621,0.009404
4622,0.009645
4623,0.009710
4624,0.009540
4625,0.009465
4626,0.009684
4627,0.009705
4628,0.009552
4629,0.009596
4630,0.009536
4631,0.009973
4632,0.009480
4633,0.009878
4634,0.009476
4635,0.009654
4636,0.009859
4637,0.009554
4638,0.009474
4639,0.009459
4640,0.009825
4641,0.009576
4642,0.009568
4643,0.009902
4644,0.009382
4645,0.009618
4646,0.009461
4647,0.010167
4648,0.009581
4649,0.009751
4650,0.009570
4651,0.009500
4652,0.009676
4653,0.009475
4654,0.009774
4655,0.010144
4656,0.010256
4657,0.032873
4658,0.009968
4659,0.009601
4660,0.009802
4661,0.008863
4662,0.009589
4663,0.009420
4664,0.009191
4665,0.009671
4666,0.009521
4667,0.009521
4668,0.009953
4669,0.009621
4670,0.009380
4671,0.009641
4672,0.009665
4673,0.009464
4674,0.009759
4675,0.009483
4676,0.009732
4677,0.009531
4678,0.009689
4679,0.009454
4680,0.009698
4681,0.009538
4682,0.009454
4683,0.009616
4684,0.009638
4685,0.009535
4686,0.009863
4687,0.009821
4688,0.009624
4689,0.009544
4690,0.009529
4691,0.010180
4692,0.009522
4693,0.009741
4694,0.009571
4695,0.009618
4696,0.009418
4697,0.009582
4698,0.009625
4699,0.009664
4700,0.009690
4701,0.009440
4702,0.009659
4703,0.009613
4704,0.009517
4705,0.009652
4706,0.009377
4707,0.009800
4708,0.009614
4709,0.009454
4710,0.010199
4711,0.009441
4712,0.009824
4713,0.009334
4714,0.010164
4715,0.009564
4716,0.009690
4717,0.009443
4718,0.009646
4719,0.009664
4720,0.009500
4721,0.009628
4722,0.009634
4723,0.009628
4724,0.009632
4725,0.009604
4726,0.009648
4727,0.009953
4728,0.009413
4729,0.009771
4730,0.009594
4731,0.009557
4732,0.009551
4733,0.009693
4734,0.009624
4735,0.009498
4736,0.009739
4737,0.009435
4738,0.009719
4739,0.009532
4740,0.009766
4741,0.009590
4742,0.009972
4743,0.009564
4744,0.009670
4745,0.009809
4746,0.009537
4747,0.009624
4748,0.009787
4749,0.009495
4750,0.009645
4751,0.009546
4752,0.009608
4753,0.009619
4754,0.009602
4755,0.010062
4756,0.009565
4757,0.009727
4758,0.009583
4759,0.009749
4760,0.009544
4761,0.009661
4762,0.009506
4763,0.009526
4764,0.009823
4765,0.009547
4766,0.009623
4767,0.009521
4768,0.010159
4769,0.009541
4770,0.009701
4771,0.009549
4772,0.009875
4773,0.009558
4774,0.009606
4775,0.009714
4776,0.009809
4777,0.009666
4778,0.009493
4779,0.009588
4780,0.009645
4781,0.009628
4782,0.009965
4783,0.009323
4784,0.009997
4785,0.009662
4786,0.009515
4787,0.009718
4788,0.009538
4789,0.009659
4790,0.009692
4791,0.009701
4792,0.009476
4793,0.009640
4794,0.009671
4795,0.009733
4796,0.009569
4797,0.009644
4798,0.009560
4799,0.009581
4800,0.009825
4801,0.009709
4802,0.009529
4803,0.010001
4804,0.009639
4805,0.009589
4806,0.009441
4807,0.009779
4808,0.009610
4809,0.009645
4810,0.009491
4811,0.009588
4812,0.009664
4813,0.009441
4814,0.009522
4815,0.009674
4816,0.009722
4817,0.009575
4818,0.010086
4819,0.009407
4820,0.009994
4821,0.009603
4822,0.009687
4823,0.009454
4824,0.009645
4825,0.009490
4826,0.009523
4827,0.009642
4828,0.009678
4829,0.009677
4830,0.009448
4831,0.009605
4832,0.009538
4833,0.009688
4834,0.010126
4835,0.009634
4836,0.009735
4837,0.009541
4838,0.009587
4839,0.009555
4840,0.009478
4841,0.009909
4842,0.009419
4843,0.009497
4844,0.009710
4845,0.009409
4846,0.009734
4847,0.009617
4848,0.009961
4849,0.009210
4850,0.009572
4851,0.010240
4852,0.009472
4853,0.009538
4854,0.009824
4855,0.009576
4856,0.009419
4857,0.009739
4858,0.009662
4859,0.009420
4860,0.009585
4861,0.009653
4862,0.009643
4863,0.009935
4864,0.009733
4865,0.010161
4866,0.008699
4867,0.010033
4868,0.009143
4869,0.009708
4870,0.010141
4871,0.009700
4872,0.009501
4873,0.009725
4874,0.009551
4875,0.009573
4876,0.009682
4877,0.009616
4878,0.009340
4879,0.009728
4880,0.009727
4881,0.009645
4882,0.009557
4883,0.010572
4884,0.040786
4885,0.009883
4886,0.010092
4887,0.010023
4888,0.009765
4889,0.009429
4890,0.009339
4891,0.009549
4892,0.009594
4893,0.009430
4894,0.009559
4895,0.009799
4896,0.009359
4897,0.009488
4898,0.009589
4899,0.009572
4900,0.010252
4901,0.009651
4902,0.009843
4903,0.009411
4904,0.009480
4905,0.009682
4906,0.009468
4907,0.009993
4908,0.009502
4909,0.009450
4910,0.009610
4911,0.009492
4912,0.009864
4913,0.009757
4914,0.009591
4915,0.009566
4916,0.010099
4917,0.009457
4918,0.009595
4919,0.009434
4920,0.009601
4921,0.009889
4922,0.009564
4923,0.009686
4924,0.009636
4925,0.009617
4926,0.009551
4927,0.009810
4928,0.009552
4929,0.009492
4930,0.009490
4931,0.009659
4932,0.009592
4933,0.009791
4934,0.010193
4935,0.010342
4936,0.010716
4937,0.010082
4938,0.009651
4939,0.009601
4940,0.009439
4941,0.009342
4942,0.009485
4943,0.009456
4944,0.009576
4945,0.009445
4946,0.009503
4947,0.009574
4948,0.009573
4949,0.009550
4950,0.010433
4951,0.009563
4952,0.009742
4953,0.009425
4954,0.009693
4955,0.009447
4956,0.009699
4957,0.009374
4958,0.009775
4959,0.009781
4960,0.009647
4961,0.009524
4962,0.009488
4963,0.009675
4964,0.009438
4965,0.009631
4966,0.009453
4967,0.009489
4968,0.009766
4969,0.009859
4970,0.009776
4971,0.009717
4972,0.009447
4973,0.009494
4974,0.009596
4975,0.009445
4976,0.009643
4977,0.009613
4978,0.009623
4979,0.009594
4980,0.009549
4981,0.009474
4982,0.009645
4983,0.009411
4984,0.010272
4985,0.010353
4986,0.010520
4987,0.009560
4988,0.010252
4989,0.009230
4990,0.009526
4991,0.009633
4992,0.009463
4993,0.009368
4994,0.009470
4995,0.009685
4996,0.009459
4997,0.009607
4998,0.009652
4999,0.009570
5000,0.009816
5001,0.009782
5002,0.009459
5003,0.009488
5004,0.009898
5005,0.009713
5006,0.009542
5007,0.009506
5008,0.009659
5009,0.009648
5010,0.009407
5011,0.009645
5012,0.009570
5013,0.009610
5014,0.009652
5015,0.010110
5016,0.010901
5017,0.010120
5018,0.009938
5019,0.009652
5020,0.009977
5021,0.009405
5022,0.009500
5023,0.009561
5024,0.009525
5025,0.009504
5026,0.009608
5027,0.009373
5028,0.009622
5029,0.009508
5030,0.009613
5031,0.009619
5032,0.009607
5033,0.010178
5034,0.009469
5035,0.009517
5036,0.009458
5037,0.009977
5038,0.009471
5039,0.009642
5040,0.009765
5041,0.009298
5042,0.009782
5043,0.009426
5044,0.009555
5045,0.009514
5046,0.009563
5047,0.009717
5048,0.010259
5049,0.009484
5050,0.009526
5051,0.009616
5052,0.010306
5053,0.009417
5054,0.009360
5055,0.009652
5056,0.009558
5057,0.009589
5058,0.009787
5059,0.009668
5060,0.009643
5061,0.009393
5062,0.009693
5063,0.009654
5064,0.009387
5065,0.010208
5066,0.010152
5067,0.010097
5068,0.009759
5069,0.009572
5070,0.009492
5071,0.009425
5072,0.009459
5073,0.009516
5074,0.009723
5075,0.010011
5076,0.009397
5077,0.009546
5078,0.009691
5079,0.009937
5080,0.009326
5081,0.009778
5082,0.009429
5083,0.009572
5084,0.009453
5085,0.009560
5086,0.009523
5087,0.009590
5088,0.009559
5089,0.009638
5090,0.009753
5091,0.010042
5092,0.009490
5093,0.009541
5094,0.009590
5095,0.009597
5096,0.010008
5097,0.009474
5098,0.009679
5099,0.009528
5100,0.009415
5101,0.009874
5102,0.009522
5103,0.009562
5104,0.009594
5105,0.009391
5106,0.009761
5107,0.009464
5108,0.009726
5109,0.036322
5110,0.014609
5111,0.011528
5112,0.010443
5113,0.010439
5114,0.010031
5115,0.009709
5116,0.009644
5117,0.009545
5118,0.009709
5119,0.009523
5120,0.009263
5121,0.009759
5122,0.009388
5123,0.009372
5124,0.009634
5125,0.009460
5126,0.009707
5127,0.009183
5128,0.009921
5129,0.009506
5130,0.009576
5131,0.009559
5132,0.009716
5133,0.009797
5134,0.009730
5135,0.009491
5136,0.009609
5137,0.009518
5138,0.009659
5139,0.009492
5140,0.009773
5141,0.009702
5142,0.009570
5143,0.009356
5144,0.009561
5145,0.009723
5146,0.009856
5147,0.010205
5148,0.010415
5149,0.010197
5150,0.010312
5151,0.009488
5152,0.009837
5153,0.009301
5154,0.009412
5155,0.009592
5156,0.009435
5157,0.009621
5158,0.009416
5159,0.009571
5160,0.009469
5161,0.009581
5162,0.009571
5163,0.009533
5164,0.009754
5165,0.009756
5166,0.009704
5167,0.009324
5168,0.009700
5169,0.009583
5170,0.009681
5171,0.009784
5172,0.009208
5173,0.009501
5174,0.009663
5175,0.009744
5176,0.009855
5177,0.009555
5178,0.009538
5179,0.009571
5180,0.009885
5181,0.009558
5182,0.009650
5183,0.009505
5184,0.010010
5185,0.009383
5186,0.009694
5187,0.009587
5188,0.009527
5189,0.009720
5190,0.009539
5191,0.009645
5192,0.009935
5193,0.009206
5194,0.009478
5195,0.009677
5196,0.009482
5197,0.009695
5198,0.009337
5199,0.009732
5200,0.009335
5201,0.009767
5202,0.009435
5203,0.010163
5204,0.009527
5205,0.009729
5206,0.009509
5207,0.009435
5208,0.009702
5209,0.009542
5210,0.009819
5211,0.009701
5212,0.009534
5213,0.009546
5214,0.009310
5215,0.009639
5216,0.009665
5217,0.009789
5218,0.009593
5219,0.009363
5220,0.009553
5221,0.009595
5222,0.009933
5223,0.009849
5224,0.009513
5225,0.009495
5226,0.009576
5227,0.009634
5228,0.010472
5229,0.010210
5230,0.009830
5231,0.009556
5232,0.009431
5233,0.009400
5234,0.009978
5235,0.009512
5236,0.009394
5237,0.009519
5238,0.009529
5239,0.009666
5240,0.009638
5241,0.009437
5242,0.009460
5243,0.010192
5244,0.010356
5245,0.010248
5246,0.009917
5247,0.009455
5248,0.009469
5249,0.009757
5250,0.009704
5251,0.009492
5252,0.009480
5253,0.009348
5254,0.009565
5255,0.009491
5256,0.009742
5257,0.009286
5258,0.009706
5259,0.009297
5260,0.009689
5261,0.009711
5262,0.009879
5263,0.009646
5264,0.009412
5265,0.009434
5266,0.009637
5267,0.009541
5268,0.009538
5269,0.009645
5270,0.009376
5271,0.009697
5272,0.009640
5273,0.009618
5274,0.009538
5275,0.009696
5276,0.009463
5277,0.009498
5278,0.009407
5279,0.009528
5280,0.010001
5281,0.009342
5282,0.009824
5283,0.009521
5284,0.009485
5285,0.009631
5286,0.009671
5287,0.009761
5288,0.009564
5289,0.009426
5290,0.010025
5291,0.009417
5292,0.009504
5293,0.009551
5294,0.009534
5295,0.009560
5296,0.009802
5297,0.009577
5298,0.009706
5299,0.009305
5300,0.009482
5301,0.009480
5302,0.009549
5303,0.009696
5304,0.009334
5305,0.009674
5306,0.009670
5307,0.009327
5308,0.009487
5309,0.010161
5310,0.009568
5311,0.009446
5312,0.009551
5313,0.009734
5314,0.010234
5315,0.009485
5316,0.009742
5317,0.009500
5318,0.009969
5319,0.009431
5320,0.009578
5321,0.009524
5322,0.009892
5323,0.009428
5324,0.009694
5325,0.009423
5326,0.009614
5327,0.009975
5328,0.010287
5329,0.010275
5330,0.009832
5331,0.009581
5332,0.009485
5333,0.009542
5334,0.030660
5335,0.017600
5336,0.009294
5337,0.010490
5338,0.010368
5339,0.009898
5340,0.009775
5341,0.009719
5342,0.009505
5343,0.009475
5344,0.009881
5345,0.009422
5346,0.009441
5347,0.009495
5348,0.009436
5349,0.009625
5350,0.009838
5351,0.009527
5352,0.009338
5353,0.009519
5354,0.009519
5355,0.009533
5356,0.009543
5357,0.009570
5358,0.009724
5359,0.009366
5360,0.009457
5361,0.009601
5362,0.009342
5363,0.009729
5364,0.009673
5365,0.009467
5366,0.009814
5367,0.009377
5368,0.009952
5369,0.009466
5370,0.009634
5371,0.009441
5372,0.009519
5373,0.009645
5374,0.009413
5375,0.009669
5376,0.009309
5377,0.009724
5378,0.009667
5379,0.009564
5380,0.009396
5381,0.009579
5382,0.009525
5383,0.009529
5384,0.009598
5385,0.009489
5386,0.010146
5387,0.009364
5388,0.009666
5389,0.009459
5390,0.009607
5391,0.009549
5392,0.009517
5393,0.009564
5394,0.009499
5395,0.010249
5396,0.010386
5397,0.010314
5398,0.009957
5399,0.009631
5400,0.009509
5401,0.009472
5402,0.009607
5403,0.009426
5404,0.009910
5405,0.009529
5406,0.009326
5407,0.009861
5408,0.009264
5409,0.009514
5410,0.009489
5411,0.009799
5412,0.009569
5413,0.009401
5414,0.009473
5415,0.009565
5416,0.009961
5417,0.010516
5418,0.010124
5419,0.009816
5420,0.009909
5421,0.009449
5422,0.009431
5423,0.009547
5424,0.009314
5425,0.009645
5426,0.009569
5427,0.009453
5428,0.009866
5429,0.009877
5430,0.009471
5431,0.009479
5432,0.009982
5433,0.009528
5434,0.009651
5435,0.009473
5436,0.009942
5437,0.009432
5438,0.009720
5439,0.009445
5440,0.009667
5441,0.009505
5442,0.009604
5443,0.009629
5444,0.009420
5445,0.009613
5446,0.009645
5447,0.009500
5448,0.009548
5449,0.009486
5450,0.009472
5451,0.009536
5452,0.009533
5453,0.010101
5454,0.009492
5455,0.009632
5456,0.009544
5457,0.009500
5458,0.009761
5459,0.009333
5460,0.009757
5461,0.010614
5462,0.010388
5463,0.009912
5464,0.010070
5465,0.009639
5466,0.009576
5467,0.009663
5468,0.009176
5469,0.009347
5470,0.009665
5471,0.009558
5472,0.009874
5473,0.009656
5474,0.009573
5475,0.009378
5476,0.009480
5477,0.009662
5478,0.009521
5479,0.009572
5480,0.009749
5481,0.009200
5482,0.009639
5483,0.009524
5484,0.009833
5485,0.009844
5486,0.009622
5487,0.009532
5488,0.009519
5489,0.009623
5490,0.009448
5491,0.009576
5492,0.009552
5493,0.009348
5494,0.009652
5495,0.009649
5496,0.009461
5497,0.010108
5498,0.009398
5499,0.009560
5500,0.009620
5501,0.009774
5502,0.009306
5503,0.010214
5504,0.010474
5505,0.010168
5506,0.009760
5507,0.009676
5508,0.009290
5509,0.009441
5510,0.009663
5511,0.009521
5512,0.009950
5513,0.009427
5514,0.009430
5515,0.009441
5516,0.009539
5517,0.009646
5518,0.009631
5519,0.009509
5520,0.009563
5521,0.009591
5522,0.010230
5523,0.010124
5524,0.010226
5525,0.009522
5526,0.009893
5527,0.009500
5528,0.009381
5529,0.009449
5530,0.009589
5531,0.009908
5532,0.009490
5533,0.009627
5534,0.009357
5535,0.009403
5536,0.010082
5537,0.009608
5538,0.009525
5539,0.009417
5540,0.009997
5541,0.009448
5542,0.009662
5543,0.009575
5544,0.009487
5545,0.009596
5546,0.009469
5547,0.009616
5548,0.009568
5549,0.009595
5550,0.010399
5551,0.010292
5552,0.010237
5553,0.009870
5554,0.009534
5555,0.009381
5556,0.009494
5557,0.009630
5558,0.009471
5559,0.045611
5560,0.002679
5561,0.010582
5562,0.009577
5563,0.009546
5564,0.009275
5565,0.009547
5566,0.009541
5567,0.009583
5568,0.009268
5569,0.009433
5570,0.009366
5571,0.009585
5572,0.009886
5573,0.009612
5574,0.009541
5575,0.009623
5576,0.009302
5577,0.009598
5578,0.009487
5579,0.009497
5580,0.009534
5581,0.009581
5582,0.009359
5583,0.009505
5584,0.009470
5585,0.009774
5586,0.009422
5587,0.009590
5588,0.009753
5589,0.009727
5590,0.009462
5591,0.009771
5592,0.009481
5593,0.009626
5594,0.009446
5595,0.009599
5596,0.009749
5597,0.009615
5598,0.009439
5599,0.009659
5600,0.009962
5601,0.009407
5602,0.009642
5603,0.009506
5604,0.009433
5605,0.009603
5606,0.009644
5607,0.009465
5608,0.009461
5609,0.009669
5610,0.009596
5611,0.009406
5612,0.009486
5613,0.009776
5614,0.009583
5615,0.009557
5616,0.009909
5617,0.009626
5618,0.009641
5619,0.009401
5620,0.009818
5621,0.009667
5622,0.009529
5623,0.009471
5624,0.009364
5625,0.009719
5626,0.009562
5627,0.009746
5628,0.009408
5629,0.009913
5630,0.009647
5631,0.009695
5632,0.009630
5633,0.009501
5634,0.009480
5635,0.009897
5636,0.009923
5637,0.009598
5638,0.009556
5639,0.009865
5640,0.009567
5641,0.009415
5642,0.009612
5643,0.009579
5644,0.009461
5645,0.009529
5646,0.009932
5647,0.009769
5648,0.009370
5649,0.009592
5650,0.009419
5651,0.009720
5652,0.009217
5653,0.009515
5654,0.009661
5655,0.009393
5656,0.009537
5657,0.009523
5658,0.010019
5659,0.009355
5660,0.009870
5661,0.009822
5662,0.009608
5663,0.009461
5664,0.009610
5665,0.009588
5666,0.009406
5667,0.009700
5668,0.009301
5669,0.009647
5670,0.009391
5671,0.009580
5672,0.009591
5673,0.009664
5674,0.009835
5675,0.009541
5676,0.009482
5677,0.009842
5678,0.009614
5679,0.009612
5680,0.009908
5681,0.009915
5682,0.009492
5683,0.009530
5684,0.009392
5685,0.009602
5686,0.010230
5687,0.009748
5688,0.009481
5689,0.009421
5690,0.009531
5691,0.009563
5692,0.009454
5693,0.009619
5694,0.009492
5695,0.009439
5696,0.009658
5697,0.009561
5698,0.010060
5699,0.009324
5700,0.009648
5701,0.009931
5702,0.009780
5703,0.009812
5704,0.009619
5705,0.009582
5706,0.009813
5707,0.009301
5708,0.009523
5709,0.009491
5710,0.009592
5711,0.009604
5712,0.009619
5713,0.009396
5714,0.009599
5715,0.009371
5716,0.009776
5717,0.009489
5718,0.009565
5719,0.010204
5720,0.009574
5721,0.009403
5722,0.009653
5723,0.009491
5724,0.009659
5725,0.009666
5726,0.009656
5727,0.009514
5728,0.009515
5729,0.009414
5730,0.009627
5731,0.009512
5732,0.009581
5733,0.009875
5734,0.010504
5735,0.010146
5736,0.010048
5737,0.010001
5738,0.009469
5739,0.009371
5740,0.009439
5741,0.009616
5742,0.009427
5743,0.009544
5744,0.009199
5745,0.009675
5746,0.009433
5747,0.009503
5748,0.009417
5749,0.009557
5750,0.009545
5751,0.009467
5752,0.009576
5753,0.009492
5754,0.009680
5755,0.010170
5756,0.009573
5757,0.009377
5758,0.009544
5759,0.009611
5760,0.009656
5761,0.009435
5762,0.009576
5763,0.009425
5764,0.009500
5765,0.009499
5766,0.009540
5767,0.009597
5768,0.009663
5769,0.009881
5770,0.009642
5771,0.009449
5772,0.009591
5773,0.009477
5774,0.009702
5775,0.009575
5776,0.009452
5777,0.009297
5778,0.009542
5779,0.009436
5780,0.009877
5781,0.009708
5782,0.009480
5783,0.009311
5784,0.009780
5785,0.010347
5786,0.026600
5787,0.021440
5788,0.010058
5789,0.010097
5790,0.010041
5791,0.009690
5792,0.009564
5793,0.009629
5794,0.009502
5795,0.009400
5796,0.009348
5797,0.009582
5798,0.009446
5799,0.009652
5800,0.009334
5801,0.009533
5802,0.009497
5803,0.009391
5804,0.009442
5805,0.009600
5806,0.009379
5807,0.009974
5808,0.009523
5809,0.009470
5810,0.009301
5811,0.009594
5812,0.009570
5813,0.009481
5814,0.009519
5815,0.009677
5816,0.009441
5817,0.009488
5818,0.009485
5819,0.009483
5820,0.009548
5821,0.009615
5822,0.010344
5823,0.010400
5824,0.010284
5825,0.010007
5826,0.009268
5827,0.009718
5828,0.009340
5829,0.009492
5830,0.009544
5831,0.009466
5832,0.009515
5833,0.009320
5834,0.009688
5835,0.009368
5836,0.009563
5837,0.009493
5838,0.009649
5839,0.009896
5840,0.009528
5841,0.009524
5842,0.009278
5843,0.010490
5844,0.010351
5845,0.009948
5846,0.009635
5847,0.009524
5848,0.009403
5849,0.009567
5850,0.009489
5851,0.009286
5852,0.009509
5853,0.009451
5854,0.009374
5855,0.009670
5856,0.009477
5857,0.009509
5858,0.009910
5859,0.009473
5860,0.009553
5861,0.009519
5862,0.009328
5863,0.009594
5864,0.009664
5865,0.009514
5866,0.009485
5867,0.009413
5868,0.009402
5869,0.009701
5870,0.009274
5871,0.009694
5872,0.009568
5873,0.009541
5874,0.009550
5875,0.009623
5876,0.009754
5877,0.009568
5878,0.009593
5879,0.009588
5880,0.009823
5881,0.010569
5882,0.010084
5883,0.010006
5884,0.009476
5885,0.009705
5886,0.009422
5887,0.009439
5888,0.009481
5889,0.009382
5890,0.009576
5891,0.010009
5892,0.009873
5893,0.010440
5894,0.010220
5895,0.009708
5896,0.009692
5897,0.009530
5898,0.009381
5899,0.009424
5900,0.009468
5901,0.009420
5902,0.009564
5903,0.009394
5904,0.010223
5905,0.010343
5906,0.010083
5907,0.009979
5908,0.009446
5909,0.010141
5910,0.009410
5911,0.009739
5912,0.009192
5913,0.009530
5914,0.009309
5915,0.009539
5916,0.009483
5917,0.009486
5918,0.009663
5919,0.009334
5920,0.009448
5921,0.009867
5922,0.009273
5923,0.009488
5924,0.009567
5925,0.009525
5926,0.009491
5927,0.009371
5928,0.009980
5929,0.009459
5930,0.009506
5931,0.009395
5932,0.009668
5933,0.009319
5934,0.009443
5935,0.009758
5936,0.009449
5937,0.009995
5938,0.010238
5939,0.010128
5940,0.009939
5941,0.009441
5942,0.009585
5943,0.009476
5944,0.009651
5945,0.009739
5946,0.009528
5947,0.009588
5948,0.009513
5949,0.009395
5950,0.009559
5951,0.009398
5952,0.009609
5953,0.009561
5954,0.009512
5955,0.009278
5956,0.009463
5957,0.009511
5958,0.009692
5959,0.009382
5960,0.009588
5961,0.009501
5962,0.009437
5963,0.009496
5964,0.010670
5965,0.010375
5966,0.010219
5967,0.009698
5968,0.009697
5969,0.009529
5970,0.009403
5971,0.009405
5972,0.009626
5973,0.009424
5974,0.009560
5975,0.009408
5976,0.009443
5977,0.009526
5978,0.009536
5979,0.009370
5980,0.010080
5981,0.009512
5982,0.009223
5983,0.009780
5984,0.009290
5985,0.009562
5986,0.009530
5987,0.009548
5988,0.009663
5989,0.009399
5990,0.009466
5991,0.009432
5992,0.009633
5993,0.009558
5994,0.009332
5995,0.009927
5996,0.010351
5997,0.010160
5998,0.009927
5999,0.010162
6000,0.009571
6001,0.009247
6002,0.009516
6003,0.009286
6004,0.009493
6005,0.009603
6006,0.009403
6007,0.009527
6008,0.009497
6009,0.009434
6010,0.009419
6011,0.009670
6012,0.021723
6013,0.033141
6014,0.011002
6015,0.010664
6016,0.010398
6017,0.009691
6018,0.009766
6019,0.009367
6020,0.009573
6021,0.009328
6022,0.009530
6023,0.009424
6024,0.009433
6025,0.009477
6026,0.009316
6027,0.009590
6028,0.009417
6029,0.009424
6030,0.009529
6031,0.009594
6032,0.009654
6033,0.009464
6034,0.009338
6035,0.009679
6036,0.009394
6037,0.009499
6038,0.009312
6039,0.009559
6040,0.009468
6041,0.009342
6042,0.009657
6043,0.009311
6044,0.009605
6045,0.009218
6046,0.009760
6047,0.009141
6048,0.009570
6049,0.009454
6050,0.009936
6051,0.009592
6052,0.009255
6053,0.009502
6054,0.009550
6055,0.009675
6056,0.009358
6057,0.009539
6058,0.009522
6059,0.009544
6060,0.009424
6061,0.009615
6062,0.009458
6063,0.009499
6064,0.009517
6065,0.009584
6066,0.009512
6067,0.009477
6068,0.009565
6069,0.009941
6070,0.009768
6071,0.009401
6072,0.009472
6073,0.009341
6074,0.009666
6075,0.009497
6076,0.009489
6077,0.009766
6078,0.009605
6079,0.009499
6080,0.009459
6081,0.009430
6082,0.009520
6083,0.009575
6084,0.009456
6085,0.009531
6086,0.009455
6087,0.009408
6088,0.010130
6089,0.009418
6090,0.009738
6091,0.009349
6092,0.009579
6093,0.009416
6094,0.009811
6095,0.010343
6096,0.010283
6097,0.010036
6098,0.009683
6099,0.009587
6100,0.009608
6101,0.009332
6102,0.009810
6103,0.009575
6104,0.009407
6105,0.009553
6106,0.009368
6107,0.009471
6108,0.009485
6109,0.009339
6110,0.009546
6111,0.009649
6112,0.009400
6113,0.009849
6114,0.010456
6115,0.010177
6116,0.010230
6117,0.009672
6118,0.009524
6119,0.009567
6120,0.009498
6121,0.009385
6122,0.010366
6123,0.009952
6124,0.010049
6125,0.009722
6126,0.009546
6127,0.009535
6128,0.009605
6129,0.009183
6130,0.009570
6131,0.009579
6132,0.009426
6133,0.009399
6134,0.009382
6135,0.010124
6136,0.009500
6137,0.009631
6138,0.009405
6139,0.009553
6140,0.009547
6141,0.009468
6142,0.009695
6143,0.009562
6144,0.009483
6145,0.009362
6146,0.009378
6147,0.010277
6148,0.010223
6149,0.010119
6150,0.009789
6151,0.009682
6152,0.009461
6153,0.009632
6154,0.009912
6155,0.009426
6156,0.009349
6157,0.009629
6158,0.009531
6159,0.009340
6160,0.009642
6161,0.009408
6162,0.009643
6163,0.009273
6164,0.009614
6165,0.009387
6166,0.009584
6167,0.009262
6168,0.009763
6169,0.009409
6170,0.009376
6171,0.010133
6172,0.009506
6173,0.009312
6174,0.009473
6175,0.009315
6176,0.009734
6177,0.009405
6178,0.009974
6179,0.010471
6180,0.010152
6181,0.010576
6182,0.009684
6183,0.009538
6184,0.009334
6185,0.009615
6186,0.009417
6187,0.009335
6188,0.009431
6189,0.009432
6190,0.009446
6191,0.009398
6192,0.009700
6193,0.009280
6194,0.009436
6195,0.009600
6196,0.009310
6197,0.009564
6198,0.009545
6199,0.015578
6200,0.003601
6201,0.009856
6202,0.009544
6203,0.009229
6204,0.010203
6205,0.010199
6206,0.010098
6207,0.009951
6208,0.009675
6209,0.009467
6210,0.009308
6211,0.009909
6212,0.009513
6213,0.009489
6214,0.009382
6215,0.009357
6216,0.009649
6217,0.009427
6218,0.009484
6219,0.009526
6220,0.009428
6221,0.009624
6222,0.009287
6223,0.009573
6224,0.009405
6225,0.009397
6226,0.009510
6227,0.009466
6228,0.009542
6229,0.009862
6230,0.009409
6231,0.010095
6232,0.010292
6233,0.010127
6234,0.009657
6235,0.009774
6236,0.009465
6237,0.009574
6238,0.030340
6239,0.024530
6240,0.004661
6241,0.011140
6242,0.010001
6243,0.009888
6244,0.009492
6245,0.009380
6246,0.009638
6247,0.009363
6248,0.009448
6249,0.009690
6250,0.009353
6251,0.009316
6252,0.009400
6253,0.009497
6254,0.009401
6255,0.009712
6256,0.009260
6257,0.009531
6258,0.009568
6259,0.010004
6260,0.009221
6261,0.009579
6262,0.009385
6263,0.009643
6264,0.009232
6265,0.009995
6266,0.009549
6267,0.009444
6268,0.009378
6269,0.009618
6270,0.009376
6271,0.009500
6272,0.009323
6273,0.009520
6274,0.009568
6275,0.009540
6276,0.009462
6277,0.009381
6278,0.009564
6279,0.009384
6280,0.009589
6281,0.009508
6282,0.009448
6283,0.009637
6284,0.009579
6285,0.009629
6286,0.009350
6287,0.009502
6288,0.009416
6289,0.009558
6290,0.009534
6291,0.009448
6292,0.009532
6293,0.009409
6294,0.009566
6295,0.009251
6296,0.010372
6297,0.010160
6298,0.009974
6299,0.009727
6300,0.009889
6301,0.009684
6302,0.009062
6303,0.009692
6304,0.009494
6305,0.009185
6306,0.009569
6307,0.009531
6308,0.009440
6309,0.009488
6310,0.009306
6311,0.009340
6312,0.010027
6313,0.010422
6314,0.010003
6315,0.009695
6316,0.009742
6317,0.009485
6318,0.009717
6319,0.009461
6320,0.009386
6321,0.009822
6322,0.009237
6323,0.009378
6324,0.009338
6325,0.009557
6326,0.009389
6327,0.009542
6328,0.009340
6329,0.009552
6330,0.009339
6331,0.009528
6332,0.009849
6333,0.010826
6334,0.010239
6335,0.009902
6336,0.009650
6337,0.009452
6338,0.009456
6339,0.009300
6340,0.009516
6341,0.009405
6342,0.009554
6343,0.009418
6344,0.009227
6345,0.009530
6346,0.009410
6347,0.009596
6348,0.009456
6349,0.009456
6350,0.009582
6351,0.009352
6352,0.009864
6353,0.009367
6354,0.009595
6355,0.009502
6356,0.009315
6357,0.009504
6358,0.009900
6359,0.010245
6360,0.010137
6361,0.009795
6362,0.009609
6363,0.009440
6364,0.009399
6365,0.009887
6366,0.009461
6367,0.009390
6368,0.009471
6369,0.009363
6370,0.009739
6371,0.009281
6372,0.009487
6373,0.009425
6374,0.009489
6375,0.009606
6376,0.009193
6377,0.009519
6378,0.009512
6379,0.009370
6380,0.009526
6381,0.010590
6382,0.010470
6383,0.009912
6384,0.009777
6385,0.009556
6386,0.009683
6387,0.009360
6388,0.009464
6389,0.009737
6390,0.009801
6391,0.009239
6392,0.009602
6393,0.009311
6394,0.009572
6395,0.009404
6396,0.009507
6397,0.009424
6398,0.009571
6399,0.009287
6400,0.009595
6401,0.009325
6402,0.009628
6403,0.009248
6404,0.009457
6405,0.009478
6406,0.009467
6407,0.009262
6408,0.009937
6409,0.010123
6410,0.010135
6411,0.010021
6412,0.009448
6413,0.009799
6414,0.009252
6415,0.009393
6416,0.009486
6417,0.009482
6418,0.009457
6419,0.009530
6420,0.009558
6421,0.009286
6422,0.009697
6423,0.009243
6424,0.009531
6425,0.009231
6426,0.009575
6427,0.009820
6428,0.009432
6429,0.009487
6430,0.009478
6431,0.009500
6432,0.009216
6433,0.009912
6434,0.010299
6435,0.010696
6436,0.009504
6437,0.009660
6438,0.009364
6439,0.009358
6440,0.009404
6441,0.009496
6442,0.009484
6443,0.009443
6444,0.009313
6445,0.009308
6446,0.009658
6447,0.009387
6448,0.009330
6449,0.009577
6450,0.009474
6451,0.009219
6452,0.009574
6453,0.009848
6454,0.009274
6455,0.010146
6456,0.010274
6457,0.009977
6458,0.009560
6459,0.009559
6460,0.009310
6461,0.009622
6462,0.009434
6463,0.009587
6464,0.009599
6465,0.009555
6466,0.041048
6467,0.004179
6468,0.011069
6469,0.011501
6470,0.010333
6471,0.010321
6472,0.009827
6473,0.009508
6474,0.009729
6475,0.009366
6476,0.009442
6477,0.009400
6478,0.009549
6479,0.009288
6480,0.009347
6481,0.009460
6482,0.009539
6483,0.009355
6484,0.009359
6485,0.009438
6486,0.009431
6487,0.009900
6488,0.009620
6489,0.009303
6490,0.009410
6491,0.009387
6492,0.009533
6493,0.009353
6494,0.009597
6495,0.009275
6496,0.009509
6497,0.009335
6498,0.009533
6499,0.009284
6500,0.009475
6501,0.009436
6502,0.009472
6503,0.009474
6504,0.009309
6505,0.009787
6506,0.009514
6507,0.009491
6508,0.009390
6509,0.009492
6510,0.009268
6511,0.009403
6512,0.009427
6513,0.009439
6514,0.009562
6515,0.009351
6516,0.009538
6517,0.009198
6518,0.009475
6519,0.009494
6520,0.009457
6521,0.009751
6522,0.009641
6523,0.009267
6524,0.009416
6525,0.009513
6526,0.009400
6527,0.009349
6528,0.009585
6529,0.009294
6530,0.009304
6531,0.009579
6532,0.009518
6533,0.009710
6534,0.010514
6535,0.010184
6536,0.009639
6537,0.009553
6538,0.009660
6539,0.009796
6540,0.009414
6541,0.009424
6542,0.009577
6543,0.009451
6544,0.009174
6545,0.009526
6546,0.009520
6547,0.009297
6548,0.009375
6549,0.009559
6550,0.009493
6551,0.009395
6552,0.009955
6553,0.010333
6554,0.010280
6555,0.010284
6556,0.009662
6557,0.009453
6558,0.009514
6559,0.009307
6560,0.009508
6561,0.009319
6562,0.009510
6563,0.009438
6564,0.009559
6565,0.009303
6566,0.009326
6567,0.009418
6568,0.009640
6569,0.009207
6570,0.009546
6571,0.009367
6572,0.009429
6573,0.009944
6574,0.009334
6575,0.009533
6576,0.009270
6577,0.009512
6578,0.009316
6579,0.009382
6580,0.009464
6581,0.009400
6582,0.009300
6583,0.009490
6584,0.009556
6585,0.009377
6586,0.009383
6587,0.009649
6588,0.010237
6589,0.010103
6590,0.010116
6591,0.009975
6592,0.009424
6593,0.009563
6594,0.009208
6595,0.009601
6596,0.009421
6597,0.009456
6598,0.009494
6599,0.009437
6600,0.009290
6601,0.009466
6602,0.009536
6603,0.009947
6604,0.009379
6605,0.009453
6606,0.009337
6607,0.009514
6608,0.009439
6609,0.009435
6610,0.009261
6611,0.009559
6612,0.009487
6613,0.009416
6614,0.009312
6615,0.009583
6616,0.009257
6617,0.009999
6618,0.009431
6619,0.009369
6620,0.009545
6621,0.009345
6622,0.009382
6623,0.009478
6624,0.009401
6625,0.009368
6626,0.009521
6627,0.009264
6628,0.009598
6629,0.009265
6630,0.009567
6631,0.009556
6632,0.009773
6633,0.009848
6634,0.009113
6635,0.009441
6636,0.009319
6637,0.009423
6638,0.009493
6639,0.009487
6640,0.009420
6641,0.009463
6642,0.009416
6643,0.009260
6644,0.010102
6645,0.009985
6646,0.010152
6647,0.009812
6648,0.009816
6649,0.009458
6650,0.009813
6651,0.009256
6652,0.009536
6653,0.009315
6654,0.009511
6655,0.009420
6656,0.009365
6657,0.009577
6658,0.009499
6659,0.009336
6660,0.009439
6661,0.009689
6662,0.009185
6663,0.009379
6664,0.009835
6665,0.010404
6666,0.010235
6667,0.010474
6668,0.009690
6669,0.009468
6670,0.009457
6671,0.009289
6672,0.009465
6673,0.009621
6674,0.009294
6675,0.009475
6676,0.009374
6677,0.009399
6678,0.009497
6679,0.009280
6680,0.009446
6681,0.009552
6682,0.009561
6683,0.009173
6684,0.009935
6685,0.009361
6686,0.010227
6687,0.010317
6688,0.010066
6689,0.009849
6690,0.009942
6691,0.009524
6692,0.009608
6693,0.009563
6694,0.042696
6695,0.010149
6696,0.010120
6697,0.009609
6698,0.010720
6699,0.009192
6700,0.009501
6701,0.009753
6702,0.009545
6703,0.009327
6704,0.009436
6705,0.010053
6706,0.009566
6707,0.009310
6708,0.009513
6709,0.009738
6710,0.009388
6711,0.009358
6712,0.009371
6713,0.009944
6714,0.009537
6715,0.009379
6716,0.009511
6717,0.009308
6718,0.009408
6719,0.010057
6720,0.009401
6721,0.009644
6722,0.009371
6723,0.009488
6724,0.009601
6725,0.009897
6726,0.009442
6727,0.009334
6728,0.009417
6729,0.009455
6730,0.009543
6731,0.009206
6732,0.009717
6733,0.009397
6734,0.009349
6735,0.009328
6736,0.009628
6737,0.009327
6738,0.009510
6739,0.009348
6740,0.009366
6741,0.010203
6742,0.009301
6743,0.009218
6744,0.010182
6745,0.010202
6746,0.009958
6747,0.009759
6748,0.009697
6749,0.009456
6750,0.009367
6751,0.009345
6752,0.009569
6753,0.009545
6754,0.009387
6755,0.009313
6756,0.009690
6757,0.009396
6758,0.009397
6759,0.009475
6760,0.009932
6761,0.009358
6762,0.009322
6763,0.009554
6764,0.009382
6765,0.009491
6766,0.009420
6767,0.009623
6768,0.009344
6769,0.009416
6770,0.009403
6771,0.009450
6772,0.009431
6773,0.009772
6774,0.009366
6775,0.009610
6776,0.009329
6777,0.009309
6778,0.009369
6779,0.009438
6780,0.009596
6781,0.009366
6782,0.009516
6783,0.009639
6784,0.009285
6785,0.009353
6786,0.009468
6787,0.009407
6788,0.009565
6789,0.009250
6790,0.009502
6791,0.009915
6792,0.009434
6793,0.009375
6794,0.009517
6795,0.009285
6796,0.009519
6797,0.009515
6798,0.009425
6799,0.009250
6800,0.010257
6801,0.008971
6802,0.009558
6803,0.009430
6804,0.009454
6805,0.009443
6806,0.009479
6807,0.009768
6808,0.009558
6809,0.009389
6810,0.009215
6811,0.010628
6812,0.010288
6813,0.010348
6814,0.009620
6815,0.010612
6816,0.008490
6817,0.009758
6818,0.009579
6819,0.010301
6820,0.008605
6821,0.010053
6822,0.010357
6823,0.010032
6824,0.009928
6825,0.009608
6826,0.009630
6827,0.009369
6828,0.009480
6829,0.009291
6830,0.009432
6831,0.009994
6832,0.009469
6833,0.009372
6834,0.009466
6835,0.009486
6836,0.009305
6837,0.010120
6838,0.009133
6839,0.009556
6840,0.009265
6841,0.009491
6842,0.009455
6843,0.009513
6844,0.009614
6845,0.010313
6846,0.010325
6847,0.009816
6848,0.009612
6849,0.009485
6850,0.009303
6851,0.009576
6852,0.009304
6853,0.009475
6854,0.009499
6855,0.009963
6856,0.009328
6857,0.009277
6858,0.009554
6859,0.009381
6860,0.009547
6861,0.009355
6862,0.009456
6863,0.009549
6864,0.009481
6865,0.009253
6866,0.009732
6867,0.009381
6868,0.009333
6869,0.009596
6870,0.009219
6871,0.009502
6872,0.009528
6873,0.009852
6874,0.009441
6875,0.009567
6876,0.010262
6877,0.010157
6878,0.010053
6879,0.009662
6880,0.009667
6881,0.009290
6882,0.009414
6883,0.009481
6884,0.009386
6885,0.009545
6886,0.009505
6887,0.009394
6888,0.009366
6889,0.009642
6890,0.009413
6891,0.009494
6892,0.009786
6893,0.009977
6894,0.010301
6895,0.010102
6896,0.009603
6897,0.009797
6898,0.009279
6899,0.009360
6900,0.009498
6901,0.009349
6902,0.009540
6903,0.009541
6904,0.009427
6905,0.009397
6906,0.009312
6907,0.009877
6908,0.009475
6909,0.009487
6910,0.009383
6911,0.009199
6912,0.010050
6913,0.010385
6914,0.010113
6915,0.009712
6916,0.009884
6917,0.009296
6918,0.009576
6919,0.009533
6920,0.030880
6921,0.019901
6922,0.008506
6923,0.010541
6924,0.010426
6925,0.010183
6926,0.009889
6927,0.009748
6928,0.009552
6929,0.009490
6930,0.009395
6931,0.009448
6932,0.009393
6933,0.009399
6934,0.009393
6935,0.009384
6936,0.009557
6937,0.009421
6938,0.009439
6939,0.009915
6940,0.009476
6941,0.009311
6942,0.009611
6943,0.009472
6944,0.009342
6945,0.009657
6946,0.009355
6947,0.009572
6948,0.009494
6949,0.009438
6950,0.009425
6951,0.009919
6952,0.009479
6953,0.009389
6954,0.009434
6955,0.009346
6956,0.009541
6957,0.009362
6958,0.009785
6959,0.009166
6960,0.009483
6961,0.009478
6962,0.009522
6963,0.009527
6964,0.009451
6965,0.009407
6966,0.009667
6967,0.009379
6968,0.009692
6969,0.009886
6970,0.009427
6971,0.009497
6972,0.009397
6973,0.009278
6974,0.009614
6975,0.009431
6976,0.009361
6977,0.009366
6978,0.009567
6979,0.009409
6980,0.009433
6981,0.009423
6982,0.009374
6983,0.009554
6984,0.009456
6985,0.009285
6986,0.009584
6987,0.009400
6988,0.009959
6989,0.009319
6990,0.010038
6991,0.010393
6992,0.010186
6993,0.009663
6994,0.009739
6995,0.009321
6996,0.009758
6997,0.009647
6998,0.009419
6999,0.009445
7000,0.009286
7001,0.009600
7002,0.009275
7003,0.009486
7004,0.009462
7005,0.009797
7006,0.009102
7007,0.009493
7008,0.009339
7009,0.009448
7010,0.009343
7011,0.009301
7012,0.009684
7013,0.009358
7014,0.009465
7015,0.009747
7016,0.009990
7017,0.010065
7018,0.010164
7019,0.009851
7020,0.009604
7021,0.009406
7022,0.009634
7023,0.009356
7024,0.009547
7025,0.009467
7026,0.009391
7027,0.009537
7028,0.009534
7029,0.009183
7030,0.009590
7031,0.009490
7032,0.009413
7033,0.009453
7034,0.009890
7035,0.009419
7036,0.009245
7037,0.009461
7038,0.009447
7039,0.009430
7040,0.009438
7041,0.009414
7042,0.009329
7043,0.009581
7044,0.009516
7045,0.009477
7046,0.009253
7047,0.009411
7048,0.009354
7049,0.009722
7050,0.010323
7051,0.010243
7052,0.010114
7053,0.009765
7054,0.009837
7055,0.009372
7056,0.009521
7057,0.009278
7058,0.009611
7059,0.009358
7060,0.009463
7061,0.009518
7062,0.009292
7063,0.009503
7064,0.009559
7065,0.009510
7066,0.009475
7067,0.009360
7068,0.009347
7069,0.009946
7070,0.009403
7071,0.009440
7072,0.009330
7073,0.009871
7074,0.009476
7075,0.009433
7076,0.009470
7077,0.009751
7078,0.010171
7079,0.010050
7080,0.009899
7081,0.009637
7082,0.009423
7083,0.009387
7084,0.009329
7085,0.009532
7086,0.009394
7087,0.009376
7088,0.009536
7089,0.009757
7090,0.009534
7091,0.009285
7092,0.009399
7093,0.009501
7094,0.009637
7095,0.009232
7096,0.009376
7097,0.009376
7098,0.009414
7099,0.009455
7100,0.009434
7101,0.009391
7102,0.009948
7103,0.009493
7104,0.009458
7105,0.009265
7106,0.009474
7107,0.009211
7108,0.009474
7109,0.010368
7110,0.010474
7111,0.009641
7112,0.009560
7113,0.009580
7114,0.009309
7115,0.009518
7116,0.009445
7117,0.009254
7118,0.009607
7119,0.009290
7120,0.009927
7121,0.009282
7122,0.009459
7123,0.009408
7124,0.009545
7125,0.009293
7126,0.009477
7127,0.009258
7128,0.009429
7129,0.009386
7130,0.009632
7131,0.009259
7132,0.009581
7133,0.009407
7134,0.010056
7135,0.010120
7136,0.010041
7137,0.009851
7138,0.009596
7139,0.009984
7140,0.009396
7141,0.009388
7142,0.009283
7143,0.009569
7144,0.009326
7145,0.009337
7146,0.009633
7147,0.009801
7148,0.043094
7149,0.006964
7150,0.010410
7151,0.010286
7152,0.010243
7153,0.009651
7154,0.009666
7155,0.009409
7156,0.009460
7157,0.010247
7158,0.010289
7159,0.009596
7160,0.009515
7161,0.009526
7162,0.009486
7163,0.009470
7164,0.009963
7165,0.009281
7166,0.009323
7167,0.009549
7168,0.009364
7169,0.009407
7170,0.009420
7171,0.009566
7172,0.009425
7173,0.009294
7174,0.009487
7175,0.009507
7176,0.009326
7177,0.009511
7178,0.009352
7179,0.009659
7180,0.009311
7181,0.009318
7182,0.009568
7183,0.009906
7184,0.009392
7185,0.009394
7186,0.009422
7187,0.009521
7188,0.009445
7189,0.009393
7190,0.009578
7191,0.009355
7192,0.009430
7193,0.009559
7194,0.009427
7195,0.009380
7196,0.009617
7197,0.009263
7198,0.009499
7199,0.009459
7200,0.009526
7201,0.009843
7202,0.009192
7203,0.009583
7204,0.009397
7205,0.009369
7206,0.009491
7207,0.009455
7208,0.009693
7209,0.009461
7210,0.009384
7211,0.009372
7212,0.009751
7213,0.009186
7214,0.009417
7215,0.009901
7216,0.009369
7217,0.009445
7218,0.009400
7219,0.009412
7220,0.009417
7221,0.009624
7222,0.009496
7223,0.009224
7224,0.009672
7225,0.009143
7226,0.009645
7227,0.009253
7228,0.010538
7229,0.010001
7230,0.010009
7231,0.009524
7232,0.009629
7233,0.009417
7234,0.009995
7235,0.009570
7236,0.009472
7237,0.009229
7238,0.009880
7239,0.009472
7240,0.009380
7241,0.009647
7242,0.009364
7243,0.009311
7244,0.009580
7245,0.009459
7246,0.009122
7247,0.010374
7248,0.010292
7249,0.009893
7250,0.009480
7251,0.009702
7252,0.009281
7253,0.009497
7254,0.009518
7255,0.009515
7256,0.009676
7257,0.009477
7258,0.009455
7259,0.009625
7260,0.009428
7261,0.009511
7262,0.009343
7263,0.009386
7264,0.009868
7265,0.010624
7266,0.010016
7267,0.009866
7268,0.009526
7269,0.009481
7270,0.009463
7271,0.009419
7272,0.009370
7273,0.010363
7274,0.010193
7275,0.010425
7276,0.009584
7277,0.009527
7278,0.009570
7279,0.009498
7280,0.009762
7281,0.009389
7282,0.009470
7283,0.009467
7284,0.009293
7285,0.009657
7286,0.009377
7287,0.009567
7288,0.009409
7289,0.009640
7290,0.009201
7291,0.009438
7292,0.010090
7293,0.009431
7294,0.009562
7295,0.009873
7296,0.009337
7297,0.009447
7298,0.009603
7299,0.009461
7300,0.010041
7301,0.009352
7302,0.009359
7303,0.009416
7304,0.009476
7305,0.009231
7306,0.009715
7307,0.009247
7308,0.009401
7309,0.009543
7310,0.009699
7311,0.009389
7312,0.009414
7313,0.009532
7314,0.010317
7315,0.010126
7316,0.010464
7317,0.009307
7318,0.009605
7319,0.009655
7320,0.009202
7321,0.009503
7322,0.009502
7323,0.009396
7324,0.009466
7325,0.009378
7326,0.009663
7327,0.009309
7328,0.009292
7329,0.010131
7330,0.010376
7331,0.010130
7332,0.009865
7333,0.009897
7334,0.009462
7335,0.009838
7336,0.009731
7337,0.009209
7338,0.010439
7339,0.010261
7340,0.009899
7341,0.009639
7342,0.009539
7343,0.009424
7344,0.009568
7345,0.009197
7346,0.009445
7347,0.009428
7348,0.009597
7349,0.009240
7350,0.009441
7351,0.009913
7352,0.009475
7353,0.009405
7354,0.009353
7355,0.009515
7356,0.009322
7357,0.009577
7358,0.009303
7359,0.009583
7360,0.009314
7361,0.009623
7362,0.009197
7363,0.009421
7364,0.009299
7365,0.010452
7366,0.010101
7367,0.009943
7368,0.009548
7369,0.009492
7370,0.009995
7371,0.009498
7372,0.009547
7373,0.009415
7374,0.024501
7375,0.024945
7376,0.010829
7377,0.010234
7378,0.010164
7379,0.009375
7380,0.009469
7381,0.009554
7382,0.009449
7383,0.009413
7384,0.009490
7385,0.009900
7386,0.009458
7387,0.009473
7388,0.009345
7389,0.009478
7390,0.009476
7391,0.009535
7392,0.009350
7393,0.009676
7394,0.009368
7395,0.009507
7396,0.009358
7397,0.009594
7398,0.009734
7399,0.009545
7400,0.009597
7401,0.009439
7402,0.009261
7403,0.009433
7404,0.009498
7405,0.009616
7406,0.009320
7407,0.009550
7408,0.009465
7409,0.009582
7410,0.009608
7411,0.009356
7412,0.009500
7413,0.009432
7414,0.009381
7415,0.009851
7416,0.009404
7417,0.009745
7418,0.009282
7419,0.009501
7420,0.009334
7421,0.009507
7422,0.009572
7423,0.009347
7424,0.009484
7425,0.009481
7426,0.009320
7427,0.009503
7428,0.009246
7429,0.009516
7430,0.009963
7431,0.009276
7432,0.009553
7433,0.009304
7434,0.009473
7435,0.009411
7436,0.009340
7437,0.009565
7438,0.009775
7439,0.010417
7440,0.010059
7441,0.010125
7442,0.009765
7443,0.009574
7444,0.009357
7445,0.010000
7446,0.009269
7447,0.009482
7448,0.009369
7449,0.009452
7450,0.009315
7451,0.009631
7452,0.009278
7453,0.009320
7454,0.009534
7455,0.009406
7456,0.009405
7457,0.009631
7458,0.009288
7459,0.009431
7460,0.009282
7461,0.009519
7462,0.009696
7463,0.009488
7464,0.009494
7465,0.009452
7466,0.009907
7467,0.010225
7468,0.010078
7469,0.009911
7470,0.009387
7471,0.009629
7472,0.009374
7473,0.009392
7474,0.009697
7475,0.009308
7476,0.009458
7477,0.009443
7478,0.009234
7479,0.009523
7480,0.009465
7481,0.009860
7482,0.009391
7483,0.009530
7484,0.009479
7485,0.009449
7486,0.009485
7487,0.009294
7488,0.009502
7489,0.009430
7490,0.009407
7491,0.009466
7492,0.009428
7493,0.009927
7494,0.010347
7495,0.010183
7496,0.009987
7497,0.009543
7498,0.009695
7499,0.009397
7500,0.009844
7501,0.009307
7502,0.009387
7503,0.009538
7504,0.009454
7505,0.009484
7506,0.009372
7507,0.009536
7508,0.009455
7509,0.009436
7510,0.009591
7511,0.009350
7512,0.009331
7513,0.009615
7514,0.009353
7515,0.009282
7516,0.009481
7517,0.009549
7518,0.009513
7519,0.009903
7520,0.009503
7521,0.009238
7522,0.009552
7523,0.010072
7524,0.010520
7525,0.010149
7526,0.009905
7527,0.009531
7528,0.009438
7529,0.009401
7530,0.009538
7531,0.009980
7532,0.009325
7533,0.009447
7534,0.009467
7535,0.009407
7536,0.009419
7537,0.009443
7538,0.009424
7539,0.009837
7540,0.009474
7541,0.009536
7542,0.009424
7543,0.009569
7544,0.009491
7545,0.009346
7546,0.009352
7547,0.009398
7548,0.009538
7549,0.009462
7550,0.009347
7551,0.009540
7552,0.009281
7553,0.009494
7554,0.009494
7555,0.009451
7556,0.009484
7557,0.009285
7558,0.010489
7559,0.010664
7560,0.009816
7561,0.009772
7562,0.009469
7563,0.009390
7564,0.009545
7565,0.009476
7566,0.009780
7567,0.010521
7568,0.009972
7569,0.010156
7570,0.009979
7571,0.009569
7572,0.009367
7573,0.009445
7574,0.009476
7575,0.009616
7576,0.009333
7577,0.009623
7578,0.009412
7579,0.009292
7580,0.009688
7581,0.009179
7582,0.009502
7583,0.009362
7584,0.009558
7585,0.009383
7586,0.009430
7587,0.009894
7588,0.009574
7589,0.009244
7590,0.009563
7591,0.009788
7592,0.009424
7593,0.009475
7594,0.009279
7595,0.009502
7596,0.009565
7597,0.009518
7598,0.009399
7599,0.009571
7600,0.010203
7601,0.028011
7602,0.019421
7603,0.013049
7604,0.011314
7605,0.009902
7606,0.010070
7607,0.010074
7608,0.009432
7609,0.009512
7610,0.009632
7611,0.009476
7612,0.009769
7613,0.009742
7614,0.009416
7615,0.009548
7616,0.009525
7617,0.009442
7618,0.009312
7619,0.009368
7620,0.009567
7621,0.009397
7622,0.009656
7623,0.009327
7624,0.009451
7625,0.009844
7626,0.009305
7627,0.009488
7628,0.009475
7629,0.009406
7630,0.009447
7631,0.009283
7632,0.009678
7633,0.009536
7634,0.009511
7635,0.009285
7636,0.009443
7637,0.009681
7638,0.009364
7639,0.009841
7640,0.009436
7641,0.009455
7642,0.009392
7643,0.009809
7644,0.009720
7645,0.009476
7646,0.009278
7647,0.009579
7648,0.009338
7649,0.009597
7650,0.009250
7651,0.009313
7652,0.009798
7653,0.009425
7654,0.009238
7655,0.010131
7656,0.009568
7657,0.009330
7658,0.010355
7659,0.010347
7660,0.010137
7661,0.009834
7662,0.009693
7663,0.009482
7664,0.009294
7665,0.009448
7666,0.009354
7667,0.009550
7668,0.009628
7669,0.009740
7670,0.009404
7671,0.010416
7672,0.010109
7673,0.009856
7674,0.009623
7675,0.009536
7676,0.009392
7677,0.009591
7678,0.009391
7679,0.009549
7680,0.009486
7681,0.009323
7682,0.009443
7683,0.009439
7684,0.009547
7685,0.009414
7686,0.009383
7687,0.009443
7688,0.009981
7689,0.009373
7690,0.009455
7691,0.009438
7692,0.009468
7693,0.009439
7694,0.009426
7695,0.009679
7696,0.009196
7697,0.009355
7698,0.009561
7699,0.009524
7700,0.009209
7701,0.009575
7702,0.009367
7703,0.009361
7704,0.009952
7705,0.009609
7706,0.009395
7707,0.009269
7708,0.009457
7709,0.009371
7710,0.009612
7711,0.009154
7712,0.009652
7713,0.010415
7714,0.009888
7715,0.009887
7716,0.009669
7717,0.009944
7718,0.009634
7719,0.009495
7720,0.009438
7721,0.009185
7722,0.009478
7723,0.009394
7724,0.009563
7725,0.009383
7726,0.009374
7727,0.009370
7728,0.009593
7729,0.009922
7730,0.010264
7731,0.010010
7732,0.009666
7733,0.009640
7734,0.009385
7735,0.010069
7736,0.009455
7737,0.009333
7738,0.009302
7739,0.009441
7740,0.009464
7741,0.009407
7742,0.009391
7743,0.009384
7744,0.009472
7745,0.009361
7746,0.009453
7747,0.009359
7748,0.009415
7749,0.010168
7750,0.010183
7751,0.010104
7752,0.009893
7753,0.010106
7754,0.009449
7755,0.009307
7756,0.009581
7757,0.009390
7758,0.009461
7759,0.009399
7760,0.009477
7761,0.009330
7762,0.009425
7763,0.009504
7764,0.009387
7765,0.009330
7766,0.009475
7767,0.009460
7768,0.009301
7769,0.009594
7770,0.009248
7771,0.009503
7772,0.009927
7773,0.009374
7774,0.009296
7775,0.009969
7776,0.010350
7777,0.010125
7778,0.009887
7779,0.009960
7780,0.009641
7781,0.009610
7782,0.010175
7783,0.008708
7784,0.009599
7785,0.009355
7786,0.009378
7787,0.009262
7788,0.009999
7789,0.010586
7790,0.010583
7791,0.009838
7792,0.009685
7793,0.009458
7794,0.009620
7795,0.009193
7796,0.009557
7797,0.009418
7798,0.009384
7799,0.009562
7800,0.010042
7801,0.010390
7802,0.010057
7803,0.010003
7804,0.009453
7805,0.009482
7806,0.009598
7807,0.009466
7808,0.009879
7809,0.009387
7810,0.009451
7811,0.009399
7812,0.009555
7813,0.009168
7814,0.009521
7815,0.009423
7816,0.009592
7817,0.010282
7818,0.010345
7819,0.009782
7820,0.009752
7821,0.009680
7822,0.009465
7823,0.009506
7824,0.009437
7825,0.009769
7826,0.009567
7827,0.020438
7828,0.030047
7829,0.009934
7830,0.010410
7831,0.010976
7832,0.009467
7833,0.009558
7834,0.009778
7835,0.009531
7836,0.009410
7837,0.010028
7838,0.009329
7839,0.009404
7840,0.009590
7841,0.009381
7842,0.009553
7843,0.009519
7844,0.009327
7845,0.009398
7846,0.009377
7847,0.009533
7848,0.009497
7849,0.009579
7850,0.009420
7851,0.009203
7852,0.009652
7853,0.009445
7854,0.009428
7855,0.009439
7856,0.009940
7857,0.009605
7858,0.009358
7859,0.009510
7860,0.009407
7861,0.009423
7862,0.009586
7863,0.009307
7864,0.009520
7865,0.009547
7866,0.009276
7867,0.009483
7868,0.009497
7869,0.009437
7870,0.009786
7871,0.009113
7872,0.009373
7873,0.009462
7874,0.009949
7875,0.009267
7876,0.010221
7877,0.010080
7878,0.010067
7879,0.009855
7880,0.009584
7881,0.009316
7882,0.009703
7883,0.009482
7884,0.009599
7885,0.009505
7886,0.009989
7887,0.009369
7888,0.009481
7889,0.009449
7890,0.009479
7891,0.009397
7892,0.009365
7893,0.009518
7894,0.009894
7895,0.010376
7896,0.010135
7897,0.009824
7898,0.009787
7899,0.009526
7900,0.009450
7901,0.009591
7902,0.009450
7903,0.009436
7904,0.009430
7905,0.010099
7906,0.009342
7907,0.009241
7908,0.009512
7909,0.009427
7910,0.010389
7911,0.009952
7912,0.010034
7913,0.009465
7914,0.009475
7915,0.010043
7916,0.009410
7917,0.009619
7918,0.009534
7919,0.009389
7920,0.009459
7921,0.009885
7922,0.010268
7923,0.010375
7924,0.009796
7925,0.009592
7926,0.009627
7927,0.009326
7928,0.009343
7929,0.009490
7930,0.009408
7931,0.009579
7932,0.009355
7933,0.009635
7934,0.009284
7935,0.009927
7936,0.009380
7937,0.009394
7938,0.009373
7939,0.009397
7940,0.009452
7941,0.009577
7942,0.009489
7943,0.009387
7944,0.009299
7945,0.009658
7946,0.009463
7947,0.009723
7948,0.009389
7949,0.009257
7950,0.009443
7951,0.009636
7952,0.009181
7953,0.009805
7954,0.009423
7955,0.009469
7956,0.009511
7957,0.009349
7958,0.009402
7959,0.009580
7960,0.009667
7961,0.009312
7962,0.010203
7963,0.010573
7964,0.009883
7965,0.009732
7966,0.009686
7967,0.009522
7968,0.009809
7969,0.009451
7970,0.009560
7971,0.009318
7972,0.010083
7973,0.009386
7974,0.009359
7975,0.009489
7976,0.009350
7977,0.009330
7978,0.009889
7979,0.010378
7980,0.010236
7981,0.009757
7982,0.009694
7983,0.009299
7984,0.009608
7985,0.009246
7986,0.010311
7987,0.010460
7988,0.010591
7989,0.009894
7990,0.009411
7991,0.009564
7992,0.009448
7993,0.009425
7994,0.009384
7995,0.009246
7996,0.009576
7997,0.009495
7998,0.009326
7999,0.009486
8000,0.009466
8001,0.009431
8002,0.009470
8003,0.009234
8004,0.009464
8005,0.009372
8006,0.009344
8007,0.009649
8008,0.009843
8009,0.009492
8010,0.009218
8011,0.009486
8012,0.009453
8013,0.009513
8014,0.009341
8015,0.009462
8016,0.009460
8017,0.009697
8018,0.010410
8019,0.010180
8020,0.009831
8021,0.009724
8022,0.009336
8023,0.009462
8024,0.009474
8025,0.009428
8026,0.009783
8027,0.009612
8028,0.009347
8029,0.009446
8030,0.009375
8031,0.009431
8032,0.009407
8033,0.009308
8034,0.010195
8035,0.010311
8036,0.010082
8037,0.009751
8038,0.009336
8039,0.009440
8040,0.009510
8041,0.009274
8042,0.009518
8043,0.009282
8044,0.009655
8045,0.009489
8046,0.009718
8047,0.009348
8048,0.009353
8049,0.009521
8050,0.009333
8051,0.009563
8052,0.009284
8053,0.009671
8054,0.021675
8055,0.023447
8056,0.011353
8057,0.009024
8058,0.009684
8059,0.009302
8060,0.009589
8061,0.009468
8062,0.009880
8063,0.009438
8064,0.009370
8065,0.009370
8066,0.009307
8067,0.009467
8068,0.009482
8069,0.009364
8070,0.009430
8071,0.009555
8072,0.009426
8073,0.009390
8074,0.009443
8075,0.009281
8076,0.009478
8077,0.009485
8078,0.009356
8079,0.009424
8080,0.009300
8081,0.009714
8082,0.010508
8083,0.010070
8084,0.009993
8085,0.009536
8086,0.009504
8087,0.009279
8088,0.010097
8089,0.009307
8090,0.009463
8091,0.009481
8092,0.009824
8093,0.009476
8094,0.009492
8095,0.009295
8096,0.009463
8097,0.009198
8098,0.009584
8099,0.009231
8100,0.009621
8101,0.009237
8102,0.009566
8103,0.009395
8104,0.009349
8105,0.009288
8106,0.009603
8107,0.009433
8108,0.009356
8109,0.009941
8110,0.009373
8111,0.009360
8112,0.009343
8113,0.009456
8114,0.009528
8115,0.009394
8116,0.009451
8117,0.009484
8118,0.009390
8119,0.009213
8120,0.009528
8121,0.009173
8122,0.009584
8123,0.009370
8124,0.009521
8125,0.009273
8126,0.009932
8127,0.009292
8128,0.009354
8129,0.010173
8130,0.010319
8131,0.009987
8132,0.009804
8133,0.009701
8134,0.009471
8135,0.009493
8136,0.009281
8137,0.009661
8138,0.009236
8139,0.009352
8140,0.009673
8141,0.009302
8142,0.009394
8143,0.009429
8144,0.009294
8145,0.009962
8146,0.009560
8147,0.009260
8148,0.009443
8149,0.009432
8150,0.009341
8151,0.009671
8152,0.009340
8153,0.009432
8154,0.009427
8155,0.009465
8156,0.009422
8157,0.009502
8158,0.009266
8159,0.009526
8160,0.009508
8161,0.009430
8162,0.009287
8163,0.009410
8164,0.009971
8165,0.009353
8166,0.009657
8167,0.009264
8168,0.009358
8169,0.009381
8170,0.009520
8171,0.009466
8172,0.009564
8173,0.009442
8174,0.009306
8175,0.009554
8176,0.009649
8177,0.009518
8178,0.009342
8179,0.009654
8180,0.009402
8181,0.009840
8182,0.009425
8183,0.009332
8184,0.009429
8185,0.010025
8186,0.010312
8187,0.009982
8188,0.009883
8189,0.009487
8190,0.009552
8191,0.009433
8192,0.010180
8193,0.010261
8194,0.010087
8195,0.009768
8196,0.009677
8197,0.009372
8198,0.009634
8199,0.009960
8200,0.009391
8201,0.009341
8202,0.009508
8203,0.009690
8204,0.009395
8205,0.009411
8206,0.009543
8207,0.009427
8208,0.009194
8209,0.009613
8210,0.009536
8211,0.009513
8212,0.009282
8213,0.009492
8214,0.009579
8215,0.009248
8216,0.009418
8217,0.009497
8218,0.009869
8219,0.009598
8220,0.009586
8221,0.009383
8222,0.009342
8223,0.009515
8224,0.009467
8225,0.009559
8226,0.009216
8227,0.010341
8228,0.010273
8229,0.009965
8230,0.010069
8231,0.009386
8232,0.009719
8233,0.009451
8234,0.009386
8235,0.009265
8236,0.010477
8237,0.010689
8238,0.010061
8239,0.010082
8240,0.009704
8241,0.009507
8242,0.009450
8243,0.009469
8244,0.009460
8245,0.010104
8246,0.010094
8247,0.009958
8248,0.009638
8249,0.009700
8250,0.009405
8251,0.009517
8252,0.009297
8253,0.009775
8254,0.009517
8255,0.009451
8256,0.009336
8257,0.009772
8258,0.009323
8259,0.009235
8260,0.009515
8261,0.009427
8262,0.009420
8263,0.009413
8264,0.009574
8265,0.009446
8266,0.009509
8267,0.009316
8268,0.009656
8269,0.009479
8270,0.009903
8271,0.009491
8272,0.009522
8273,0.009426
8274,0.009479
8275,0.009447
8276,0.009269
8277,0.010261
8278,0.010526
8279,0.009878
8280,0.009617
8281,0.010016
8282,0.010696
8283,0.028337
8284,0.018057
8285,0.012160
8286,0.009941
8287,0.010159
8288,0.009729
8289,0.009765
8290,0.009381
8291,0.009794
8292,0.009372
8293,0.009457
8294,0.009403
8295,0.009392
8296,0.009506
8297,0.009506
8298,0.009470
8299,0.009309
8300,0.009578
8301,0.009397
8302,0.009550
8303,0.009745
8304,0.009664
8305,0.009417
8306,0.009499
8307,0.009531
8308,0.009275
8309,0.009535
8310,0.009330
8311,0.009548
8312,0.009554
8313,0.009651
8314,0.009594
8315,0.009295
8316,0.009633
8317,0.009846
8318,0.009357
8319,0.009589
8320,0.009392
8321,0.009632
8322,0.009379
8323,0.009516
8324,0.009330
8325,0.009596
8326,0.009368
8327,0.009492
8328,0.009513
8329,0.009425
8330,0.009804
8331,0.010514
8332,0.009970
8333,0.010447
8334,0.010030
8335,0.009449
8336,0.009393
8337,0.010355
8338,0.010493
8339,0.010130
8340,0.009741
8341,0.009470
8342,0.009970
8343,0.009309
8344,0.009535
8345,0.009523
8346,0.009202
8347,0.010029
8348,0.009406
8349,0.009519
8350,0.009359
8351,0.009410
8352,0.009424
8353,0.009389
8354,0.009447
8355,0.009445
8356,0.009421
8357,0.009213
8358,0.010532
8359,0.009949
8360,0.010042
8361,0.009467
8362,0.009666
8363,0.009346
8364,0.009489
8365,0.009919
8366,0.009365
8367,0.009472
8368,0.009346
8369,0.009371
8370,0.009361
8371,0.009620
8372,0.009403
8373,0.009214
8374,0.009605
8375,0.009272
8376,0.009356
8377,0.009624
8378,0.009298
8379,0.009492
8380,0.009299
8381,0.009562
8382,0.009344
8383,0.009817
8384,0.009518
8385,0.009464
8386,0.009483
8387,0.009187
8388,0.009458
8389,0.009586
8390,0.009156
8391,0.009249
8392,0.010346
8393,0.010562
8394,0.010091
8395,0.009608
8396,0.009622
8397,0.009179
8398,0.009567
8399,0.009390
8400,0.009860
8401,0.009442
8402,0.009533
8403,0.009345
8404,0.009589
8405,0.009333
8406,0.009345
8407,0.009622
8408,0.009276
8409,0.009558
8410,0.009428
8411,0.009482
8412,0.009267
8413,0.009457
8414,0.009676
8415,0.009313
8416,0.009553
8417,0.009429
8418,0.009374
8419,0.010076
8420,0.009253
8421,0.009511
8422,0.009304
8423,0.009520
8424,0.009928
8425,0.010503
8426,0.010165
8427,0.009654
8428,0.009694
8429,0.009396
8430,0.009411
8431,0.009361
8432,0.009367
8433,0.009482
8434,0.009634
8435,0.009465
8436,0.009901
8437,0.009298
8438,0.009498
8439,0.009336
8440,0.009373
8441,0.009572
8442,0.009243
8443,0.009963
8444,0.010276
8445,0.010112
8446,0.009770
8447,0.010204
8448,0.009259
8449,0.009600
8450,0.009541
8451,0.009266
8452,0.009407
8453,0.009420
8454,0.009621
8455,0.009207
8456,0.009524
8457,0.009509
8458,0.009405
8459,0.009474
8460,0.009458
8461,0.009471
8462,0.009721
8463,0.009911
8464,0.010605
8465,0.010253
8466,0.009920
8467,0.009451
8468,0.009619
8469,0.009334
8470,0.009484
8471,0.009325
8472,0.009567
8473,0.009384
8474,0.009418
8475,0.009314
8476,0.009658
8477,0.009790
8478,0.009523
8479,0.009615
8480,0.009627
8481,0.009422
8482,0.009459
8483,0.009436
8484,0.009270
8485,0.009644
8486,0.009374
8487,0.009569
8488,0.009376
8489,0.009761
8490,0.009400
8491,0.009351
8492,0.009639
8493,0.009285
8494,0.009456
8495,0.009885
8496,0.009957
8497,0.010338
8498,0.010000
8499,0.010317
8500,0.009515
8501,0.009461
8502,0.009253
8503,0.009528
8504,0.009378
8505,0.009477
8506,0.009527
8507,0.009407
8508,0.009464
8509,0.034600
8510,0.017576
8511,0.011992
8512,0.010197
8513,0.010350
8514,0.010324
8515,0.009654
8516,0.009641
8517,0.009618
8518,0.009551
8519,0.009335
8520,0.009906
8521,0.009373
8522,0.009697
8523,0.009547
8524,0.009568
8525,0.009361
8526,0.009435
8527,0.010287
8528,0.009434
8529,0.009458
8530,0.009635
8531,0.009382
8532,0.009424
8533,0.009439
8534,0.009496
8535,0.009513
8536,0.009310
8537,0.009662
8538,0.009432
8539,0.009382
8540,0.009595
8541,0.009454
8542,0.009375
8543,0.009429
8544,0.009716
8545,0.009517
8546,0.009906
8547,0.009519
8548,0.009204
8549,0.009546
8550,0.009463
8551,0.009509
8552,0.009439
8553,0.009246
8554,0.009623
8555,0.009227
8556,0.009595
8557,0.009514
8558,0.009419
8559,0.009287
8560,0.009533
8561,0.009963
8562,0.009392
8563,0.009433
8564,0.009424
8565,0.010333
8566,0.010522
8567,0.010248
8568,0.009711
8569,0.009550
8570,0.009592
8571,0.009601
8572,0.009286
8573,0.009324
8574,0.009329
8575,0.009426
8576,0.009603
8577,0.009249
8578,0.009712
8579,0.009774
8580,0.009450
8581,0.009419
8582,0.009371
8583,0.009515
8584,0.009557
8585,0.009431
8586,0.009499
8587,0.009166
8588,0.010017
8589,0.010819
8590,0.010162
8591,0.009655
8592,0.009698
8593,0.009334
8594,0.009583
8595,0.009420
8596,0.010155
8597,0.011003
8598,0.010128
8599,0.009791
8600,0.009568
8601,0.009416
8602,0.009443
8603,0.009512
8604,0.009373
8605,0.009435
8606,0.009366
8607,0.009415
8608,0.009485
8609,0.009376
8610,0.009486
8611,0.009477
8612,0.009924
8613,0.009320
8614,0.009285
8615,0.009543
8616,0.009477
8617,0.009501
8618,0.009388
8619,0.009178
8620,0.009672
8621,0.009367
8622,0.009394
8623,0.009410
8624,0.009402
8625,0.009556
8626,0.009334
8627,0.009557
8628,0.009579
8629,0.009394
8630,0.009384
8631,0.009838
8632,0.009532
8633,0.009327
8634,0.009397
8635,0.009457
8636,0.009422
8637,0.009390
8638,0.009392
8639,0.009564
8640,0.009463
8641,0.009447
8642,0.009266
8643,0.009444
8644,0.009380
8645,0.009482
8646,0.009355
8647,0.009659
8648,0.009375
8649,0.010323
8650,0.010516
8651,0.010172
8652,0.009897
8653,0.009604
8654,0.009317
8655,0.009636
8656,0.009297
8657,0.009440
8658,0.009404
8659,0.009260
8660,0.009606
8661,0.009276
8662,0.009484
8663,0.009414
8664,0.009395
8665,0.009756
8666,0.009474
8667,0.009478
8668,0.009261
8669,0.009473
8670,0.009490
8671,0.009216
8672,0.009515
8673,0.009354
8674,0.009575
8675,0.009224
8676,0.009572
8677,0.009131
8678,0.010188
8679,0.010228
8680,0.010033
8681,0.009867
8682,0.009468
8683,0.009245
8684,0.009965
8685,0.009443
8686,0.009438
8687,0.009357
8688,0.009326
8689,0.009443
8690,0.009325
8691,0.009434
8692,0.009542
8693,0.009403
8694,0.009685
8695,0.009055
8696,0.009296
8697,0.009483
8698,0.009405
8699,0.009466
8700,0.010002
8701,0.009249
8702,0.010487
8703,0.009989
8704,0.009716
8705,0.009610
8706,0.009991
8707,0.009551
8708,0.009246
8709,0.009343
8710,0.009335
8711,0.009350
8712,0.009435
8713,0.009592
8714,0.009604
8715,0.009205
8716,0.009348
8717,0.009387
8718,0.009441
8719,0.009476
8720,0.009282
8721,0.009934
8722,0.009601
8723,0.009427
8724,0.009388
8725,0.009706
8726,0.009374
8727,0.009457
8728,0.009449
8729,0.009369
8730,0.009468
8731,0.009391
8732,0.009509
8733,0.009308
8734,0.010137
8735,0.010579
8736,0.027184
8737,0.025449
8738,0.010045
8739,0.009411
8740,0.009452
8741,0.010728
8742,0.010127
8743,0.009703
8744,0.009820
8745,0.009556
8746,0.009444
8747,0.009461
8748,0.009670
8749,0.009330
8750,0.009534
8751,0.009613
8752,0.009229
8753,0.009430
8754,0.009649
8755,0.009538
8756,0.009309
8757,0.009650
8758,0.009395
8759,0.009811
8760,0.009444
8761,0.009499
8762,0.009433
8763,0.009395
8764,0.009480
8765,0.009386
8766,0.009500
8767,0.009303
8768,0.009716
8769,0.009323
8770,0.009320
8771,0.009608
8772,0.009494
8773,0.009962
8774,0.009546
8775,0.009457
8776,0.009377
8777,0.009603
8778,0.009422
8779,0.009467
8780,0.009315
8781,0.009556
8782,0.009380
8783,0.009495
8784,0.009420
8785,0.009350
8786,0.009880
8787,0.010429
8788,0.010260
8789,0.009894
8790,0.009494
8791,0.009932
8792,0.009503
8793,0.009235
8794,0.009484
8795,0.009483
8796,0.009460
8797,0.009309
8798,0.009590
8799,0.009551
8800,0.009334
8801,0.009447
8802,0.009399
8803,0.010288
8804,0.010014
8805,0.009733
8806,0.009647
8807,0.009413
8808,0.009632
8809,0.009853
8810,0.009167
8811,0.009694
8812,0.009335
8813,0.009381
8814,0.009271
8815,0.010126
8816,0.009304
8817,0.009250
8818,0.009576
8819,0.009347
8820,0.009420
8821,0.009895
8822,0.009589
8823,0.009415
8824,0.009341
8825,0.009457
8826,0.009392
8827,0.009330
8828,0.009514
8829,0.009436
8830,0.009497
8831,0.009400
8832,0.009820
8833,0.009920
8834,0.010390
8835,0.010046
8836,0.010133
8837,0.009490
8838,0.009536
8839,0.009354
8840,0.010452
8841,0.010306
8842,0.010300
8843,0.009691
8844,0.009649
8845,0.009599
8846,0.009401
8847,0.009603
8848,0.009712
8849,0.009453
8850,0.009291
8851,0.009634
8852,0.009244
8853,0.009531
8854,0.009402
8855,0.009301
8856,0.009480
8857,0.009512
8858,0.009311
8859,0.009378
8860,0.009496
8861,0.009728
8862,0.009067
8863,0.010094
8864,0.009405
8865,0.009379
8866,0.009520
8867,0.009222
8868,0.009509
8869,0.009428
8870,0.009651
8871,0.009277
8872,0.009486
8873,0.009336
8874,0.009368
8875,0.009388
8876,0.009667
8877,0.009270
8878,0.009437
8879,0.009302
8880,0.009355
8881,0.009523
8882,0.009881
8883,0.009445
8884,0.009539
8885,0.009444
8886,0.009608
8887,0.009474
8888,0.009481
8889,0.009589
8890,0.009227
8891,0.009522
8892,0.009462
8893,0.009244
8894,0.009522
8895,0.009294
8896,0.010463
8897,0.010424
8898,0.010186
8899,0.010361
8900,0.009737
8901,0.009363
8902,0.009366
8903,0.009517
8904,0.009240
8905,0.009580
8906,0.009334
8907,0.009365
8908,0.009434
8909,0.009368
8910,0.009592
8911,0.009264
8912,0.009467
8913,0.009343
8914,0.009393
8915,0.009391
8916,0.009497
8917,0.009495
8918,0.009435
8919,0.009924
8920,0.009280
8921,0.009404
8922,0.009428
8923,0.009450
8924,0.009470
8925,0.009454
8926,0.009368
8927,0.009463
8928,0.009350
8929,0.009381
8930,0.009385
8931,0.009575
8932,0.009301
8933,0.009536
8934,0.009529
8935,0.009305
8936,0.009865
8937,0.009288
8938,0.009338
8939,0.009469
8940,0.009428
8941,0.009321
8942,0.009527
8943,0.009349
8944,0.009938
8945,0.010351
8946,0.010075
8947,0.009740
8948,0.009697
8949,0.009327
8950,0.010035
8951,0.009340
8952,0.009333
